{"type": "FeatureCollection", "name": "zonas_4_2", "crs": {"type": "name", "properties": {"name": "urn:ogc:def:crs:OGC:1.3:CRS84"}}, "features": [{"type": "Feature", "properties": {"OBJECTID_1": 1, "OBJECTID": 7, "AREA": 11123482.046664737, "PERIMETER": 16682.85397534287, "Codigo": 64, "Shape_Leng": 11124111.009611676, "Shape_Length": 12702.797240350274, "Shape_Area": 7965967.647245987, "color": "#cb4d4d"}, "geometry": {"type": "MultiPolygon", "coordinates": [[[[-56.22406746158895, -34.78448030235685], [-56.213334056247376, -34.78999412602146], [-56.212519267290766, -34.788911411051174], [-56.21250010912968, -34.78867690358502], [-56.20942026721991, -34.78478514895017], [-56.20234988487693, -34.78876950777076], [-56.19709764451473, -34.791437262096466], [-56.19519091834686, -34.7964935350723], [-56.19301586628512, -34.79975376774901], [-56.190341469576914, -34.80203375153065], [-56.18674436146598, -34.80361940458233], [-56.18666936446655, -34.8037692579234], [-56.190242934419665, -34.80902380124837], [-56.19129841210403, -34.808759795862834], [-56.19664781051555, -34.80609182816167], [-56.19880735536348, -34.80855592327322], [-56.201547391019446, -34.81214481104878], [-56.20796035597577, -34.81994491398971], [-56.21301434290925, -34.81708393369692], [-56.22074864736477, -34.81228750049899], [-56.22173206482805, -34.80686830109095], [-56.223794204443166, -34.802464067654455], [-56.22458444569985, -34.79764704742376], [-56.224054175453034, -34.78723602015651], [-56.22406746158895, -34.78448030235685]]]]}}, {"type": "Feature", "properties": {"OBJECTID_1": 2, "OBJECTID": 8, "AREA": 4157427.242888753, "PERIMETER": 10064.188436838676, "Codigo": 2, "Shape_Leng": 4157618.0838705804, "Shape_Length": 11101.776806555858, "Shape_Area": 4766409.541121759, "color": "#db5d57"}, "geometry": {"type": "MultiPolygon", "coordinates": [[[[-56.24487619323542, -34.81737631917901], [-56.25210298165317, -34.81658438387612], [-56.25189136194266, -34.81411192389942], [-56.25019923811062, -34.813698593575275], [-56.24844008417747, -34.81250045937088], [-56.25119409552241, -34.8111796536376], [-56.25104335879979, -34.81043508911131], [-56.252172307450834, -34.81037997170958], [-56.253534047792016, -34.80648444380485], [-56.25366914787602, -34.80552040411048], [-56.25590434231252, -34.800354547216564], [-56.25973128618162, -34.79847504171391], [-56.2622788515423, -34.79802077878031], [-56.25897633976104, -34.79136754598827], [-56.262035662992446, -34.78431722015899], [-56.25577554211499, -34.786988863074946], [-56.25528300200704, -34.7862872547485], [-56.25530546876509, -34.785705504291975], [-56.25314360979162, -34.782430062665455], [-56.23997596813883, -34.794698914482055], [-56.23877690104396, -34.79608226840785], [-56.240674035223634, -34.79760992655051], [-56.240308882355436, -34.797943317417776], [-56.239461418221246, -34.80116088727567], [-56.23935710955277, -34.802220387132955], [-56.23863409031967, -34.80327565036488], [-56.23809764531816, -34.80656408296686], [-56.23830174214571, -34.807668099917265], [-56.24135642115495, -34.81242847532234], [-56.24487619323542, -34.81737631917901]]]]}}, {"type": "Feature", "properties": {"OBJECTID_1": 3, "OBJECTID": 9, "AREA": 75093053.84907126, "PERIMETER": 52818.86941431432, "Codigo": 40, "Shape_Leng": 75103050.58943646, "Shape_Length": 53618.56041092434, "Shape_Area": 75099615.56994799, "color": "#e97263"}, "geometry": {"type": "MultiPolygon", "coordinates": [[[[-56.313377376031546, -34.70280301389009], [-56.31283404399106, -34.703476275045965], [-56.312715561817825, -34.70451714554679], [-56.31238263013243, -34.70491655265654], [-56.31164599076651, -34.7049484640716], [-56.31113739286791, -34.70463898978123], [-56.31100351458584, -34.70424145627366], [-56.31049088549497, -34.70376062114727], [-56.3097770378055, -34.703761088519734], [-56.3092320751141, -34.70323046789206], [-56.308829578043046, -34.703376976743414], [-56.308404480363095, -34.70435297963604], [-56.30863983199206, -34.70510277994084], [-56.30862354919687, -34.7057474492709], [-56.30825806115198, -34.70611960721042], [-56.30634978907474, -34.70694739968432], [-56.305330581843805, -34.70665302872938], [-56.304209257154724, -34.70673680715242], [-56.303859028477355, -34.70723979460983], [-56.30396576785443, -34.707614636467], [-56.303696448460855, -34.70831647357467], [-56.30228130612867, -34.70868261023271], [-56.301838502673824, -34.70842307113143], [-56.30174774172893, -34.70939645580182], [-56.30125215887566, -34.71021872833328], [-56.29984117971379, -34.710733651079416], [-56.29967935245905, -34.710985214738116], [-56.29899671906262, -34.711161641782994], [-56.29886123402707, -34.711607234937034], [-56.298430418861145, -34.71210974228568], [-56.297269994505065, -34.71228791620933], [-56.297372004518195, -34.71354195479928], [-56.29621441370344, -34.71475265290053], [-56.29604991568512, -34.7155587798703], [-56.29614553616752, -34.71627623332282], [-56.295767327013266, -34.71709014244536], [-56.29518922900772, -34.717569242087585], [-56.29514165692407, -34.717866548300314], [-56.29491553454864, -34.71805010101824], [-56.29404836421523, -34.7181668170389], [-56.293685302048246, -34.71848032930207], [-56.2920374297355, -34.71913806797613], [-56.291093609021736, -34.718956736111096], [-56.29008822145016, -34.71815282279408], [-56.28973871394656, -34.71823645301152], [-56.28755326227925, -34.719891950469886], [-56.287097077697425, -34.72063323464597], [-56.28721783408674, -34.72095857517145], [-56.28817208705977, -34.72119861251839], [-56.28821481755043, -34.72146939046527], [-56.28660519771819, -34.72266833456631], [-56.28635380656248, -34.72316733925805], [-56.2857860059042, -34.723628418301814], [-56.283338654459406, -34.72380792370217], [-56.28173285926471, -34.72518266790481], [-56.28151790064025, -34.726200388862566], [-56.28121877462704, -34.72628545286257], [-56.280807968250755, -34.726111693842434], [-56.279891488756064, -34.726794964203776], [-56.279553050079855, -34.72772177529464], [-56.279500747693575, -34.72902901691594], [-56.279164856651036, -34.72973941940342], [-56.27918495945922, -34.73056915664882], [-56.27863886684345, -34.73174271913962], [-56.27884920055585, -34.73283509257762], [-56.278815784299255, -34.73353826639058], [-56.278366954429316, -34.73427955879443], [-56.27776055234783, -34.73469077341237], [-56.27758531783562, -34.73552836931532], [-56.27791792526465, -34.73661245125095], [-56.277856249186826, -34.737031403033605], [-56.27758692468108, -34.737304842064866], [-56.27790934502614, -34.73822654694454], [-56.277809532361715, -34.738645405940815], [-56.277481313376754, -34.73876171582286], [-56.27628064873899, -34.73828841833287], [-56.275526052555456, -34.738281187219386], [-56.27311635157476, -34.7391233650626], [-56.27228405691045, -34.73973507158537], [-56.27214376138513, -34.74047367403322], [-56.273174381162654, -34.74129141013442], [-56.27443700356395, -34.74415750778696], [-56.27445005126077, -34.74461748138292], [-56.27376205834584, -34.745758611360436], [-56.27347484737528, -34.746744321401586], [-56.27305701636854, -34.747440689004314], [-56.27190449087136, -34.74860157776967], [-56.27155742945751, -34.74916760839373], [-56.2716005339533, -34.749546603602845], [-56.27025391938532, -34.751030946871936], [-56.26948865760127, -34.7510083235335], [-56.2687833203135, -34.751391845064326], [-56.26794378280489, -34.751274081691705], [-56.26778282756508, -34.7510972717543], [-56.26732399065098, -34.751171161181354], [-56.267085021163496, -34.751323021532734], [-56.266818970332835, -34.75191206952845], [-56.266351191744626, -34.7523015156199], [-56.26526485067194, -34.752524913419904], [-56.26332582719171, -34.754109304187466], [-56.2626272221535, -34.75442068988803], [-56.26204324060826, -34.75420523999491], [-56.26192980774667, -34.753906973601495], [-56.26142294964302, -34.753543198713686], [-56.260039470620974, -34.753850413725374], [-56.25946075992154, -34.75373417648383], [-56.25926241778414, -34.75384568940229], [-56.258754202175936, -34.75363519342653], [-56.25780170097768, -34.75377818110683], [-56.257317606705556, -34.754077317184496], [-56.25632209742807, -34.75391343459284], [-56.255839817243206, -34.754009681210306], [-56.25540089226335, -34.75444885746269], [-56.253990667159194, -34.75522024299629], [-56.25370875575303, -34.7557156107924], [-56.25254498173477, -34.7560590257623], [-56.251550416927984, -34.75699975757615], [-56.25045118665875, -34.757353697316155], [-56.25020198810001, -34.75795182878103], [-56.24995645545956, -34.75814419347289], [-56.25011428754003, -34.75866367344312], [-56.249693388332076, -34.759066869325764], [-56.24838573751513, -34.75935638291414], [-56.24650073888466, -34.75937629401752], [-56.24562502537907, -34.7600020983474], [-56.24517968993142, -34.76053588100928], [-56.2443527480751, -34.760228664881815], [-56.243835879216775, -34.760293087526925], [-56.243407479333705, -34.760840495045], [-56.24139918176134, -34.761644084731586], [-56.240606356986156, -34.76275731452702], [-56.239919535484624, -34.763032571869594], [-56.23886224762656, -34.76319279105196], [-56.238190065710036, -34.76380628675909], [-56.23736017419642, -34.763819126436644], [-56.23655115383921, -34.76416123043998], [-56.234760045597206, -34.765317753618156], [-56.23465343738768, -34.76554702993742], [-56.23431674413144, -34.766750138639544], [-56.23438906231982, -34.76736165736046], [-56.233555692200774, -34.76866557760015], [-56.23329319191873, -34.77078978851084], [-56.232916540160915, -34.772157511764654], [-56.22880171088261, -34.77441940144634], [-56.23173208796358, -34.776658507212204], [-56.23522425221003, -34.78051498698462], [-56.240711101025106, -34.78950124664348], [-56.24271619232639, -34.79215753586906], [-56.25314360979162, -34.782430062665455], [-56.25530546876509, -34.785705504291975], [-56.25528300200704, -34.7862872547485], [-56.25577554211499, -34.786988863074946], [-56.262035662992446, -34.78431722015899], [-56.25897633976104, -34.79136754598827], [-56.2622788515423, -34.79802077878031], [-56.25973128618162, -34.79847504171391], [-56.25590434231252, -34.800354547216564], [-56.25366914787602, -34.80552040411048], [-56.253534047792016, -34.80648444380485], [-56.252172307450834, -34.81037997170958], [-56.25104335879979, -34.81043508911131], [-56.25119409552241, -34.8111796536376], [-56.24844008417747, -34.81250045937088], [-56.25019923811062, -34.813698593575275], [-56.25189136194266, -34.81411192389942], [-56.25221520600216, -34.81789550299623], [-56.24796765162175, -34.8167310322762], [-56.252197166304754, -34.817894946662356], [-56.25258239669627, -34.820538753069485], [-56.252444190437025, -34.8229718780349], [-56.25264048357807, -34.823157695244504], [-56.25668105793128, -34.8191981140628], [-56.25783679077725, -34.817411538854586], [-56.25849980608662, -34.81583988028477], [-56.25877347164294, -34.81563577491389], [-56.25916209228027, -34.81561076473193], [-56.2588596548265, -34.8152879431371], [-56.25885698727042, -34.814882798033565], [-56.263994158279914, -34.801536476109696], [-56.26437102874815, -34.8013387543873], [-56.26473773555916, -34.80052022230906], [-56.26559012144755, -34.80012989502317], [-56.2687619783056, -34.80573031479955], [-56.267687778466424, -34.80878740426537], [-56.26864851150459, -34.809178018873695], [-56.274085520790706, -34.81053651807191], [-56.2788868728632, -34.809308962939554], [-56.28088312932418, -34.81379153466691], [-56.288890068613064, -34.809767201896165], [-56.292877631078376, -34.80724961235456], [-56.29482023637202, -34.8056370562408], [-56.31075497575812, -34.79758472509689], [-56.310244482127004, -34.797052238920216], [-56.308405780814454, -34.795842734758416], [-56.31163525757351, -34.79496599250453], [-56.312518032460815, -34.79454491793257], [-56.31336373773453, -34.7938262118994], [-56.3155850816988, -34.79124011033342], [-56.319397959500506, -34.78467808323416], [-56.32004281956306, -34.78386731593441], [-56.32060308284217, -34.78344024357765], [-56.32705651003151, -34.78225583791732], [-56.3313238564224, -34.7817113998769], [-56.332389180655625, -34.78177557901184], [-56.33661807434348, -34.782678621285214], [-56.34055665958505, -34.7825699732315], [-56.34582840547832, -34.78377036305717], [-56.34669190518655, -34.78350447383362], [-56.34709825036584, -34.78310829258319], [-56.3461171814358, -34.782345551681225], [-56.344563899598285, -34.78075620547023], [-56.34226881163039, -34.77738929382765], [-56.341741810076876, -34.774918792386714], [-56.34190644071531, -34.773155810104114], [-56.34183328296097, -34.77184383340477], [-56.34176241924603, -34.771565663105996], [-56.34120886569621, -34.771091157295004], [-56.34194177573881, -34.771395492711655], [-56.34195827103496, -34.770928750279424], [-56.34172192981745, -34.770289306213456], [-56.3418320049366, -34.76922383109927], [-56.342331518378444, -34.76778814223827], [-56.34304677012293, -34.766622005375524], [-56.34391085308174, -34.76453458579379], [-56.34419137578911, -34.76429713111527], [-56.34441641521609, -34.763734744009], [-56.34510764609051, -34.76147504961325], [-56.34523591309925, -34.75993373162568], [-56.34420983730111, -34.75902645069674], [-56.34333870365244, -34.759080370265465], [-56.342655670528714, -34.75883771871068], [-56.34202157744758, -34.75819404500995], [-56.34195421400393, -34.75790511806483], [-56.341226657726295, -34.75742325173433], [-56.34027314138099, -34.75616013531098], [-56.33973721446263, -34.7534835137776], [-56.33922911382513, -34.75314710670864], [-56.338874149717704, -34.75253198349847], [-56.33928883268083, -34.75147917511323], [-56.339393507187374, -34.74999634772976], [-56.338579679730444, -34.74869790444322], [-56.338580686124054, -34.7485716634684], [-56.33916954203822, -34.74896712596601], [-56.33915289883806, -34.74814192494191], [-56.339294844391226, -34.74780904376051], [-56.34005480882743, -34.74712331757538], [-56.340255394441705, -34.746714103284155], [-56.3401163590766, -34.74668178838433], [-56.339181966783286, -34.7474071479032], [-56.33861267045874, -34.747471689510085], [-56.33889476617826, -34.74703135855061], [-56.338792061550876, -34.746809869639094], [-56.33905169391738, -34.74627473141829], [-56.339732162578194, -34.74596731507556], [-56.3400166196137, -34.745572082188005], [-56.341213358968844, -34.745339595014954], [-56.341011723528624, -34.74519422238271], [-56.341116759208234, -34.745122649807115], [-56.3407777124034, -34.74508474461347], [-56.34112184274425, -34.74448242698904], [-56.341389949106386, -34.74442526268777], [-56.341771630101675, -34.74494132996655], [-56.341582546078754, -34.744074617227845], [-56.34121380931987, -34.7436487954526], [-56.34094552341037, -34.74235331652112], [-56.34110304709799, -34.74203404353676], [-56.342621443995796, -34.74178524658534], [-56.34284176723078, -34.74138064286915], [-56.34279766214223, -34.74108733234927], [-56.34350446117965, -34.739774571972454], [-56.341645172082565, -34.73996743235226], [-56.34077990941674, -34.739822979105746], [-56.34050379598355, -34.739514885337776], [-56.3420912445291, -34.73838725060939], [-56.34317260894457, -34.738226260968744], [-56.3438684378968, -34.73777913032384], [-56.34428530821749, -34.737123088821654], [-56.34526103361496, -34.73676312398838], [-56.344866182878576, -34.73627404909408], [-56.34487799151473, -34.73564287882436], [-56.34462548550793, -34.73537099166096], [-56.34464838010879, -34.734978848093675], [-56.34448010168696, -34.734761519526295], [-56.344954171332574, -34.73342946095801], [-56.34540398462125, -34.732660871757425], [-56.3451491116305, -34.731911038415134], [-56.346409956160066, -34.730966450008715], [-56.34723472923561, -34.73156152769311], [-56.348161913194616, -34.73154845761789], [-56.3484306453488, -34.731405613245634], [-56.348533818977046, -34.73069828074176], [-56.34806791151118, -34.730217853393206], [-56.347998641772406, -34.72991088301407], [-56.34844173304791, -34.72920987818188], [-56.34927267942512, -34.728407241300296], [-56.35004620347303, -34.72892086762884], [-56.35085959227061, -34.728789940294234], [-56.35218102113896, -34.727502943439816], [-56.352627969349186, -34.7267388198284], [-56.35236982327536, -34.72561475093516], [-56.351975766980985, -34.72475263165202], [-56.350836013842844, -34.723587795774684], [-56.34983749848961, -34.722968109291244], [-56.34788089084712, -34.72230387181304], [-56.3470498481051, -34.72173581745963], [-56.346083978893816, -34.719133553882585], [-56.344103042487085, -34.71715705712419], [-56.342677103633726, -34.71483634395771], [-56.34230098212684, -34.71372063366725], [-56.34175377649553, -34.7133524634344], [-56.34068052535976, -34.71339174857362], [-56.33963202892578, -34.713751285174155], [-56.337748379125394, -34.7154453972954], [-56.33697400094276, -34.715919121012035], [-56.3362035750685, -34.71598255822776], [-56.33557379727232, -34.715613910529115], [-56.33508481972486, -34.71479514559751], [-56.33418560125884, -34.71381181972985], [-56.33328387620404, -34.713058423597225], [-56.33090113871509, -34.711706240390534], [-56.32994526788732, -34.710902925157406], [-56.3286702913794, -34.70862796703889], [-56.32699770961368, -34.70464195343359], [-56.32601598888391, -34.703590478730966], [-56.32429799095184, -34.70219675323473], [-56.32078244685558, -34.7021501553515], [-56.31765641149077, -34.702872138608505], [-56.316278895375866, -34.7020843899143], [-56.315604264560584, -34.70188221429344], [-56.31498303005545, -34.70199144426146], [-56.313703159705405, -34.70260646080202], [-56.313377376031546, -34.70280301389009]]]]}}, {"type": "Feature", "properties": {"OBJECTID_1": 4, "OBJECTID": 12, "AREA": 24117915.860762484, "PERIMETER": 21218.49205999073, "Codigo": 94, "Shape_Leng": 24126618.17119454, "Shape_Length": 23498.716075394328, "Shape_Area": 28068371.84956494, "color": "#dd9688"}, "geometry": {"type": "MultiPolygon", "coordinates": [[[[-56.08477879684438, -34.77805816610352], [-56.084133599579324, -34.778023555312956], [-56.08299744001666, -34.77835721894883], [-56.0826240021573, -34.778278530426746], [-56.07079845610039, -34.791565829287535], [-56.06747196834746, -34.79490369768488], [-56.04668516401288, -34.807119645931515], [-56.04729786012717, -34.80756191108294], [-56.04924792979226, -34.80988558946788], [-56.04965493870404, -34.81050194457191], [-56.05023891686492, -34.812548919651846], [-56.053080674522676, -34.81633335652504], [-56.052037423698685, -34.81994809853779], [-56.052032547705444, -34.82156666141609], [-56.055038098129074, -34.826166249761286], [-56.05464585179715, -34.8394241382247], [-56.05439134985501, -34.84231218796218], [-56.05439438256353, -34.84638596482623], [-56.06693922554822, -34.84640829455494], [-56.07606309558914, -34.84679443608058], [-56.07628949218855, -34.84445391410181], [-56.076877641822016, -34.84335066991793], [-56.07966835518287, -34.84013513014274], [-56.100464638637426, -34.82592883512232], [-56.101749746836376, -34.82439741155815], [-56.10349031824953, -34.82556011495576], [-56.105856252531325, -34.82271823737143], [-56.10821408331397, -34.81924773059692], [-56.112318379300504, -34.81371792153239], [-56.11495147578797, -34.811334794400615], [-56.102594965615374, -34.80501415515714], [-56.10464485440247, -34.80253172150059], [-56.10834895236873, -34.79751087746254], [-56.10941116402522, -34.79802259306181], [-56.11165242835135, -34.79488136293107], [-56.11206163546136, -34.79494126313865], [-56.11413597205751, -34.79210402868738], [-56.1091089314741, -34.78954468756218], [-56.10717005421481, -34.78947463210919], [-56.10637210334122, -34.78917862782351], [-56.10078302512736, -34.786426773475675], [-56.09125528374704, -34.78139364064621], [-56.08847826457391, -34.78012933090152], [-56.08815603854096, -34.77977436288832], [-56.08792552888094, -34.779113562915256], [-56.08690034434069, -34.778960887880935], [-56.08565695884561, -34.77822545842204], [-56.084908951888956, -34.778029386385164], [-56.08477879684438, -34.77805816610352]]]]}}, {"type": "Feature", "properties": {"OBJECTID_1": 5, "OBJECTID": 13, "AREA": 6142936.4883898, "PERIMETER": 12835.162231545242, "Codigo": 9, "Shape_Leng": 6146125.169505867, "Shape_Length": 9059.143492162464, "Shape_Area": 5049368.490426059, "color": "#d76242"}, "geometry": {"type": "MultiPolygon", "coordinates": [[[[-56.15676745440476, -34.81888644030508], [-56.15714687013892, -34.81892288983665], [-56.15676745440476, -34.81888644030508], [-56.15581716802449, -34.82166458158697], [-56.154949257839974, -34.82535204716092], [-56.168342657988894, -34.826835803933356], [-56.170578823875715, -34.82694365056423], [-56.17439320274977, -34.82745865523126], [-56.17711970369801, -34.828080202577404], [-56.177689407922415, -34.82843448967023], [-56.183362244055346, -34.82731910609441], [-56.18457374256873, -34.826489596476904], [-56.18503294736462, -34.82559242244748], [-56.185233679433644, -34.82303478514428], [-56.1863730518, -34.82245607715133], [-56.18899713567853, -34.81928040864444], [-56.18837176022648, -34.818433435006654], [-56.18638683453278, -34.81488889918834], [-56.1854865792469, -34.81095812853039], [-56.184634602579685, -34.8113197617351], [-56.184122802450766, -34.81132444770993], [-56.160616798671995, -34.8083788095825], [-56.157281962172426, -34.817511294345934], [-56.15676745440476, -34.81888644030508]]]]}}, {"type": "Feature", "properties": {"OBJECTID_1": 6, "OBJECTID": 18, "AREA": 4470535.722044173, "PERIMETER": 9168.140177023924, "Codigo": 76, "Shape_Leng": 4470553.770377051, "Shape_Length": 9168.190759436646, "Shape_Area": 4470555.27717729, "color": "#e6784c"}, "geometry": {"type": "MultiPolygon", "coordinates": [[[[-56.21386243363034, -34.82330507896842], [-56.20434367307604, -34.828826186613014], [-56.1922799779453, -34.83616092977961], [-56.202314734892624, -34.846013467390655], [-56.201513119967096, -34.84648933873362], [-56.20348603761694, -34.84729404843539], [-56.20300473214631, -34.84823307457254], [-56.203981977544544, -34.84861354898864], [-56.20402745262408, -34.84875525418133], [-56.21018665823595, -34.84535530683582], [-56.22173113109335, -34.838490923868164], [-56.22145578984764, -34.83353933768751], [-56.21978493024643, -34.82623777948654], [-56.22011426473572, -34.81968790104506], [-56.2148844857394, -34.82274324216625], [-56.21386243363034, -34.82330507896842]]]]}}, {"type": "Feature", "properties": {"OBJECTID_1": 8, "OBJECTID": 30, "AREA": 4613132.074372647, "PERIMETER": 10104.223727900344, "Codigo": 33, "Shape_Leng": 4613512.915775398, "Shape_Length": 9513.928226606504, "Shape_Area": 4192925.582471043, "color": "#d79575"}, "geometry": {"type": "MultiPolygon", "coordinates": [[[[-56.16312843738237, -34.83802355482017], [-56.16334454531771, -34.838813125853456], [-56.15972446217094, -34.84142793414647], [-56.16120014879964, -34.84287694324967], [-56.16171126016502, -34.844025943708516], [-56.15929998138174, -34.84458121796595], [-56.15555894555806, -34.84653529465982], [-56.1617810636424, -34.85408754048693], [-56.15328791917611, -34.85754418860901], [-56.15594623281821, -34.86185755105029], [-56.15981213685228, -34.86493719015618], [-56.163533332912216, -34.866755464054805], [-56.16388354868883, -34.86708611074185], [-56.178367797985786, -34.855907183395935], [-56.17647363943531, -34.854184921449686], [-56.173425880569965, -34.84466593458911], [-56.17392360073941, -34.844550666717566], [-56.17005257855934, -34.838217112121114], [-56.168335679605875, -34.83871642927427], [-56.16433040082235, -34.83819134697706], [-56.16312843738237, -34.83802355482017]]]]}}, {"type": "Feature", "properties": {"OBJECTID_1": 9, "OBJECTID": 32, "AREA": 2703518.144951956, "PERIMETER": 7176.562033531851, "Codigo": 60, "Shape_Leng": 2704487.715476908, "Shape_Length": 7067.180613391154, "Shape_Area": 2433052.2049378944, "color": "#e4a781"}, "geometry": {"type": "MultiPolygon", "coordinates": [[[[-56.14979952563522, -34.856196717130004], [-56.15287853416676, -34.854912181858055], [-56.153287920279205, -34.85754418771496], [-56.1617810636424, -34.85408754048693], [-56.149771610079085, -34.839434464863714], [-56.14605252444688, -34.84010362257867], [-56.13972348220464, -34.84444606416916], [-56.13799159014468, -34.84579590085339], [-56.14335546584152, -34.85203771019844], [-56.142447575447285, -34.8525633329319], [-56.14443842571358, -34.85340413924317], [-56.14381709890897, -34.85773133510285], [-56.14586586068724, -34.85753005110692], [-56.14734952842733, -34.856905280335475], [-56.14899700792479, -34.856787170446864], [-56.14979952563522, -34.856196717130004]]]]}}, {"type": "Feature", "properties": {"OBJECTID_1": 10, "OBJECTID": 44, "AREA": 3550783.505107796, "PERIMETER": 8015.218330832495, "Codigo": 46, "Shape_Leng": 3551153.0432649255, "Shape_Length": 6514.350128288404, "Shape_Area": 2285154.5188317057, "color": "#e28436"}, "geometry": {"type": "MultiPolygon", "coordinates": [[[[-56.13448120380162, -34.867718712912705], [-56.135252085509585, -34.87146274094831], [-56.13555857519755, -34.871831859429804], [-56.13668311953772, -34.872822837855836], [-56.144104675417616, -34.877077367792076], [-56.142899389917446, -34.8785044848742], [-56.14608972423659, -34.880608888407494], [-56.15240115632729, -34.87585936674924], [-56.152419149740496, -34.868338768888805], [-56.15179565215359, -34.867934082099985], [-56.152383581574576, -34.86807359107628], [-56.14781793977385, -34.86650837260645], [-56.14669584514022, -34.86542650147993], [-56.14528090290593, -34.86450298676892], [-56.14238077506935, -34.8633458236388], [-56.14105452983236, -34.862648200661994], [-56.14004197499638, -34.86203766370175], [-56.13808185465966, -34.85973959859153], [-56.13384562942067, -34.86179645281941], [-56.134092408572954, -34.86596460503991], [-56.134353367666904, -34.867121132211345], [-56.13448120380162, -34.867718712912705]]]]}}, {"type": "Feature", "properties": {"OBJECTID_1": 11, "OBJECTID": 45, "AREA": 18608469.029895306, "PERIMETER": 23857.37937872552, "Codigo": 15, "Shape_Leng": 18607520.183521323, "Shape_Length": 10123.180231216256, "Shape_Area": 3744874.2453441597, "color": "#d19961"}, "geometry": {"type": "MultiPolygon", "coordinates": [[[[-56.099317930546704, -34.85922072386359], [-56.113842604366155, -34.85741271247495], [-56.11654580606569, -34.857540126489155], [-56.115516296260154, -34.85743018408488], [-56.1146205750178, -34.85691296160235], [-56.114018667781366, -34.85707045601794], [-56.11358126256139, -34.85700947945698], [-56.11273584993264, -34.855849403876036], [-56.11405942521517, -34.85540818953917], [-56.11398228264114, -34.85463142095269], [-56.11260371633923, -34.85509899121313], [-56.11247911848051, -34.85397193645513], [-56.113881522892996, -34.85350875575498], [-56.11366121252562, -34.85153353745693], [-56.10624018535241, -34.85379963068366], [-56.10200957347521, -34.85388385207825], [-56.10118864490741, -34.852210495736344], [-56.09211398292975, -34.84688607026173], [-56.07606309558914, -34.84679443608058], [-56.07604615437545, -34.85606649457075], [-56.081541207753126, -34.86092585268204], [-56.08645968989397, -34.86130231924629], [-56.09566630538564, -34.86009336002528], [-56.09923124253277, -34.859037088161266], [-56.099317930546704, -34.85922072386359]]]]}}, {"type": "Feature", "properties": {"OBJECTID_1": 12, "OBJECTID": 47, "AREA": 3965804.3636974716, "PERIMETER": 7989.729405732105, "Codigo": 67, "Shape_Leng": 5613481.768479707, "Shape_Length": 10022.913298114398, "Shape_Area": 5164120.309702627, "color": "#e0ac6c"}, "geometry": {"type": "MultiPolygon", "coordinates": [[[[-56.240107123446755, -34.82758859742614], [-56.22167725830845, -34.838526920151786], [-56.221766551738824, -34.84316406863437], [-56.22382215410811, -34.850651907083204], [-56.22463122165323, -34.85245972558664], [-56.24281980020014, -34.84214538525086], [-56.24755555306616, -34.84754474987702], [-56.25344032442894, -34.84417143317515], [-56.25344527563356, -34.842791391906346], [-56.25378523230585, -34.84102606587243], [-56.253799171820745, -34.83554715700573], [-56.253680844004684, -34.8347177429345], [-56.252909147942965, -34.832598420903544], [-56.253077746591835, -34.8323325747876], [-56.252762166815586, -34.831706585090764], [-56.250723845510315, -34.8289631388618], [-56.25002526080041, -34.827731631980825], [-56.24936512045152, -34.8270025143982], [-56.24876110391034, -34.82667922196792], [-56.24540509888996, -34.82628773056829], [-56.24015923780952, -34.82756059380747], [-56.240107123446755, -34.82758859742614]], [[-56.22824183824415, -34.850176996997625], [-56.22825446630198, -34.85019285393472], [-56.22816473643749, -34.85008409852433], [-56.22824183824415, -34.850176996997625]]]]}}, {"type": "Feature", "properties": {"OBJECTID_1": 13, "OBJECTID": 51, "AREA": 822922.394187269, "PERIMETER": 3910.3406145587032, "Codigo": 57, "Shape_Leng": 822989.6325161429, "Shape_Length": 4498.762213666503, "Shape_Area": 883507.3279223982, "color": "#ecc079"}, "geometry": {"type": "MultiPolygon", "coordinates": [[[[-56.16628221178455, -34.86983349773711], [-56.17003975720049, -34.869990194534125], [-56.16628221178455, -34.86983349773711], [-56.165433549259575, -34.87806595217743], [-56.17324016271385, -34.87858227634931], [-56.173509694277406, -34.8768963957761], [-56.17312771918286, -34.876927589916825], [-56.176863902808975, -34.87304556534431], [-56.17168139086793, -34.86705232911558], [-56.16958484424685, -34.86831345132702], [-56.16673719605537, -34.869593352378736], [-56.16628221178455, -34.86983349773711]]]]}}, {"type": "Feature", "properties": {"OBJECTID_1": 14, "OBJECTID": 56, "AREA": 1209851.6560117786, "PERIMETER": 4511.21091834477, "Codigo": 12, "Shape_Leng": 1209854.9681918186, "Shape_Length": 5058.098561084194, "Shape_Area": 1402656.2712534675, "color": "#cba14d"}, "geometry": {"type": "MultiPolygon", "coordinates": [[[[-56.165658411309984, -34.88801884630926], [-56.16500571368419, -34.894625073769326], [-56.17825430808919, -34.89565098589452], [-56.17864044614749, -34.89367514606396], [-56.17924942794563, -34.8881132191012], [-56.18115317438288, -34.888311480335226], [-56.180638335116136, -34.88737366699729], [-56.178236101802256, -34.88708926300481], [-56.17471596005247, -34.88519610108573], [-56.17131248450231, -34.88431527968349], [-56.167317287186414, -34.88408172207577], [-56.16619681767567, -34.88337282857904], [-56.16577360870114, -34.88699434021664], [-56.165658411309984, -34.88801884630926]]]]}}, {"type": "Feature", "properties": {"OBJECTID_1": 15, "OBJECTID": 62, "AREA": 5125731.723494515, "PERIMETER": 11666.221308171509, "Codigo": 79, "Shape_Leng": 5125783.234144272, "Shape_Length": 10220.190720653238, "Shape_Area": 3537148.248334487, "color": "#dbb657"}, "geometry": {"type": "MultiPolygon", "coordinates": [[[[-56.1144711775288, -34.88728867120588], [-56.1120736459733, -34.88728271356487], [-56.11021341170164, -34.88696573664223], [-56.10787389412228, -34.894543650563676], [-56.10803529217613, -34.89702439631018], [-56.112402618316835, -34.89748024266653], [-56.112325585336286, -34.89764649861263], [-56.11283819239344, -34.897749430639045], [-56.113065019845, -34.89810966922324], [-56.11315440055492, -34.89788732203833], [-56.11357375056621, -34.898204679816885], [-56.11357371890752, -34.89853369889443], [-56.11399621477629, -34.898365452339654], [-56.11433635623684, -34.89848066551642], [-56.11428735271703, -34.89872549648029], [-56.11441653782819, -34.89846319638778], [-56.114549384268294, -34.898513758952035], [-56.11528614031376, -34.89806375450661], [-56.11562042558666, -34.89814734226929], [-56.11636228225334, -34.897922798816666], [-56.1171323264908, -34.898068161591276], [-56.11967741093144, -34.89898834404471], [-56.12186934543619, -34.90041251721674], [-56.122789493936665, -34.89932173157333], [-56.126044437498464, -34.89618518253843], [-56.12982548705364, -34.89303885207401], [-56.1390498425297, -34.89439188404263], [-56.141628896955474, -34.895100760601444], [-56.14206156763905, -34.893524619521514], [-56.142344484357224, -34.89310729961265], [-56.14424595546888, -34.89400041059261], [-56.14762383230407, -34.88878302485384], [-56.1434164732787, -34.88724664551131], [-56.145386864695226, -34.88416183201709], [-56.142514072735935, -34.88333324346581], [-56.1380421913035, -34.886596171471275], [-56.11667265355452, -34.887252716562216], [-56.1144711775288, -34.88728867120588]]]]}}, {"type": "Feature", "properties": {"OBJECTID_1": 16, "OBJECTID": 74, "AREA": 2128159.1846712492, "PERIMETER": 8522.491694544588, "Codigo": 20, "Shape_Leng": 2128288.297819818, "Shape_Length": 5903.984757747257, "Shape_Area": 2064136.669073123, "color": "#e9cc63"}, "geometry": {"type": "MultiPolygon", "coordinates": [[[[-56.157580646136395, -34.903123706933435], [-56.152733296519216, -34.90312607858648], [-56.14491996862122, -34.90276981316762], [-56.144852326195384, -34.90398335834611], [-56.144392040285815, -34.90511092498883], [-56.14351661868194, -34.9083318999668], [-56.14273030288233, -34.90932537697054], [-56.14230581292683, -34.9105347908739], [-56.14431765222173, -34.91162199498321], [-56.146121665024374, -34.912888078275515], [-56.14715611857179, -34.91401347815771], [-56.14802798982503, -34.9154980540126], [-56.15501562536641, -34.91362426475299], [-56.16320496730788, -34.91100476633231], [-56.1641570499892, -34.90226290577586], [-56.160385637255665, -34.90300886282382], [-56.159045700963, -34.90311965079521], [-56.157580646136395, -34.903123706933435]]]]}}, {"type": "Feature", "properties": {"OBJECTID_1": 17, "OBJECTID": 75, "AREA": 13794686.607080512, "PERIMETER": 28175.211886943325, "Codigo": 97, "Shape_Leng": 13794686.609576773, "Shape_Length": 22205.31590681727, "Shape_Area": 13839648.713140879, "color": "#ddcf88"}, "geometry": {"type": "MultiPolygon", "coordinates": [[[[-56.2880483579485, -34.87522153635801], [-56.29054429614054, -34.87556753225046], [-56.28757321600832, -34.890162161416306], [-56.286468446078075, -34.894295474160316], [-56.286409081399725, -34.89554536470086], [-56.287361750439516, -34.89669775282174], [-56.28788820682954, -34.89633112679974], [-56.28796561974175, -34.89592129071964], [-56.28814656220842, -34.89580061625247], [-56.289008262325545, -34.89574253819773], [-56.28909420962972, -34.89497656569002], [-56.28973159448403, -34.89467370168139], [-56.28993187142781, -34.89413383035091], [-56.290466001242, -34.89406481049128], [-56.291121503208096, -34.89467730671044], [-56.29114585506621, -34.894947969453526], [-56.291012424318474, -34.89503285614829], [-56.291170684949584, -34.895083374611225], [-56.29122479694932, -34.895552592713656], [-56.291427324996434, -34.89538695240048], [-56.29151487695124, -34.89562642270125], [-56.292506408454265, -34.89590271871037], [-56.29337126214754, -34.89555607261391], [-56.29340985820178, -34.89536242378129], [-56.293198078250114, -34.89541078797124], [-56.29325252239109, -34.895203705301135], [-56.29304707580461, -34.89507175888747], [-56.29331216791976, -34.89502821359406], [-56.29304255822865, -34.895040171858], [-56.292985770736905, -34.894882037787305], [-56.29327712429615, -34.894807084556604], [-56.29330731376002, -34.89495604650191], [-56.29330839489776, -34.894829809761916], [-56.293987062627714, -34.89457675881067], [-56.29468680479324, -34.89377827597105], [-56.295404858476736, -34.89323688990507], [-56.29604079248423, -34.89301964904031], [-56.2968974022186, -34.892993046104266], [-56.297802342683106, -34.893476197423816], [-56.29945383558677, -34.893201679553634], [-56.30008643222358, -34.893376653640715], [-56.300331229432466, -34.89322476771623], [-56.30264626305953, -34.8938332172036], [-56.305262749842626, -34.895119648607604], [-56.30600843060027, -34.895678476348664], [-56.3058514593408, -34.89612393963965], [-56.306035003245086, -34.89626024816336], [-56.305932028486836, -34.896629372180065], [-56.30657261446876, -34.89707938790124], [-56.30727890561367, -34.89736295349082], [-56.30729675764193, -34.89711056901296], [-56.307869648888165, -34.89690643313597], [-56.3077657451961, -34.89665335519532], [-56.307925267481295, -34.89655507255162], [-56.30978011594681, -34.89724192196085], [-56.30960452259234, -34.897380693899365], [-56.30973502902491, -34.89756178242784], [-56.30958769615772, -34.89751135013297], [-56.309831959185054, -34.89799516640658], [-56.30962116243155, -34.89792633904541], [-56.310083733063436, -34.898235555943295], [-56.31038516363438, -34.89883692129729], [-56.31023270182933, -34.89939964143961], [-56.31129468183766, -34.90010000051744], [-56.31142380390391, -34.90044790057303], [-56.31113686432193, -34.90064916531101], [-56.31143380112784, -34.90047951797949], [-56.31146188726519, -34.90096661466664], [-56.31097836059733, -34.90119832594788], [-56.310407676012105, -34.90121763282292], [-56.310295277091505, -34.90140635963739], [-56.309893998690654, -34.90129136487475], [-56.30922105928185, -34.90151297613852], [-56.3086728902204, -34.901947201338224], [-56.30876748263258, -34.90200635217468], [-56.308479132831, -34.90237442362259], [-56.30888542946125, -34.902462399517155], [-56.30887527321459, -34.903021417954726], [-56.30909215895702, -34.90301814238077], [-56.30925802684642, -34.90338879681826], [-56.30980518683452, -34.90373005614553], [-56.31016172140878, -34.90347057694279], [-56.31055734399862, -34.90352692593816], [-56.31071328756887, -34.903203185547575], [-56.3109463333034, -34.90380416130938], [-56.31117842761698, -34.90386408975168], [-56.31108486077879, -34.90433697068636], [-56.311284089954285, -34.90448237752834], [-56.31114010795011, -34.904684452068416], [-56.31137160265365, -34.904816515602846], [-56.31129470423656, -34.905095617916764], [-56.31096699200113, -34.90509826912624], [-56.311964064552136, -34.9053879644964], [-56.312010138135726, -34.90552348565689], [-56.31324342052054, -34.90472340726557], [-56.31389562856153, -34.904528708980884], [-56.31428994719953, -34.90474284227569], [-56.315042300455964, -34.90459829827262], [-56.31572698195917, -34.90485914979275], [-56.31591891334275, -34.90464832229349], [-56.31600519698826, -34.90447296939675], [-56.315689581020976, -34.90425477611339], [-56.31559703839198, -34.90394766477401], [-56.315711147938714, -34.902974432264884], [-56.315392769605005, -34.903089865034744], [-56.31538942985227, -34.90283285140979], [-56.31569754627025, -34.902717360861345], [-56.315656181711546, -34.902590884887296], [-56.31552494363998, -34.90249546356459], [-56.315253654818925, -34.902624687214434], [-56.314703638288094, -34.9020489847333], [-56.314010998989176, -34.90209016421562], [-56.313797453449766, -34.901692194817265], [-56.31434770217511, -34.901086628130905], [-56.31488942049707, -34.901013035283285], [-56.31471019020359, -34.90093086859316], [-56.31486013609116, -34.90083252292055], [-56.315086565529754, -34.90091495537322], [-56.31492410645647, -34.90062548411336], [-56.31505941432758, -34.90047746016904], [-56.31532272286427, -34.90040229610697], [-56.31548106796238, -34.900610587393174], [-56.31545260540338, -34.90033088876057], [-56.31589371938973, -34.899932099548586], [-56.315979328935875, -34.89958992142194], [-56.31627275433278, -34.89967723736577], [-56.316016704156375, -34.89945487124297], [-56.31620372166633, -34.89925754142855], [-56.316419812979746, -34.89934893060719], [-56.3161437282661, -34.89906783917518], [-56.31624808908638, -34.89885651814168], [-56.31653270832856, -34.898767945227526], [-56.31630362462527, -34.898428505523256], [-56.31653272628812, -34.89810516868993], [-56.31685325986118, -34.89805737510403], [-56.3167820227753, -34.89790367941155], [-56.31694324093058, -34.89776481626603], [-56.31792570294373, -34.89741414720181], [-56.31836177771393, -34.89704237251759], [-56.31934977171792, -34.89668270546167], [-56.31942584697417, -34.89625029748832], [-56.31979364981809, -34.89602692192794], [-56.31973914460657, -34.89575158696223], [-56.32010141337264, -34.8956183532202], [-56.319835067965876, -34.89540044611046], [-56.32043950829157, -34.895264057523505], [-56.32051887937611, -34.89501201468992], [-56.320396152523635, -34.894880576618206], [-56.32099682272999, -34.89453676445374], [-56.32071799164915, -34.89458931083521], [-56.32083841682885, -34.89441865357519], [-56.32123168015622, -34.89425853742771], [-56.32268479366652, -34.89431172996731], [-56.32284146594003, -34.89414127265657], [-56.32433010314044, -34.8936986874628], [-56.324388035763704, -34.89347357493509], [-56.32484931431086, -34.89319209034333], [-56.324686355875436, -34.89296124186984], [-56.32468492544133, -34.892550943002895], [-56.325045092967464, -34.89200288299238], [-56.32675580140961, -34.891498378789215], [-56.327093593563006, -34.89117562325233], [-56.32768057067876, -34.89124650153885], [-56.32786840922059, -34.89102661430783], [-56.328369562723886, -34.89088510608011], [-56.32917949984985, -34.89079038711832], [-56.32955519227661, -34.89093673800293], [-56.329680601335774, -34.89073904706168], [-56.3303714783595, -34.89073383743762], [-56.33070519486858, -34.890911514404436], [-56.3312926849437, -34.89091925635278], [-56.3312891757844, -34.890761432725014], [-56.332110207312375, -34.890563055241806], [-56.33222024339888, -34.89032019020765], [-56.33249448419193, -34.89024053989285], [-56.3324959063126, -34.89006470856384], [-56.33230116945675, -34.88995543038151], [-56.3321033775883, -34.89013920033258], [-56.33147467909359, -34.88947747482616], [-56.331584313895036, -34.88928420377879], [-56.33121168384996, -34.88884481073932], [-56.331285763246576, -34.8885656790882], [-56.33100509443462, -34.88825754343897], [-56.33134607372562, -34.88812866724995], [-56.331608812498075, -34.887525946714035], [-56.331954347064986, -34.88750981126731], [-56.33262488558253, -34.88688678526874], [-56.33337493646806, -34.8865798004116], [-56.333998680868035, -34.88658321920879], [-56.33369486179408, -34.88465183093991], [-56.33276620216548, -34.88404257168982], [-56.332087418440594, -34.88323629561431], [-56.33237726492895, -34.88308459185653], [-56.332768447921936, -34.88317240477415], [-56.332600088169954, -34.88293251947378], [-56.33287518670509, -34.88265899860756], [-56.332713902281256, -34.88222076940159], [-56.33249436204562, -34.88196707689583], [-56.33208255888876, -34.88189267593493], [-56.33181721032375, -34.881553065196236], [-56.332173051103304, -34.881527968204935], [-56.331985383637075, -34.88113918878294], [-56.332939257537994, -34.88116246110437], [-56.3326764719156, -34.88109789711783], [-56.33297747046179, -34.88091920082245], [-56.332864128002946, -34.88089603539956], [-56.333124537569596, -34.8805773461974], [-56.333491760320875, -34.880412537946846], [-56.333257403452, -34.88004604794304], [-56.333634554188286, -34.87992187201121], [-56.33357442470987, -34.87974570297709], [-56.33395815465289, -34.8795820216555], [-56.333172545914465, -34.8786823416287], [-56.332933427682526, -34.87883593724478], [-56.33098472350188, -34.877689041570235], [-56.33002194083005, -34.876745923005494], [-56.329013252733404, -34.87606856879383], [-56.32838017686008, -34.875203907937475], [-56.32669370102052, -34.875379435343795], [-56.318017269792826, -34.875624483663884], [-56.3166421797762, -34.87358750049731], [-56.317186017923405, -34.871498516393004], [-56.31722881345298, -34.86805861596494], [-56.3130641072632, -34.8625886357109], [-56.30751696177051, -34.86199358656686], [-56.290839182038994, -34.85205564174586], [-56.290371796372966, -34.85235029287579], [-56.28579655218108, -34.87492336227808], [-56.2880483579485, -34.87522153635801]]]]}}, {"type": "Feature", "properties": {"OBJECTID_1": 20, "OBJECTID": 86, "AREA": 2544154.0279648392, "PERIMETER": 13020.214980651479, "Codigo": 22, "Shape_Leng": 2544262.133752535, "Shape_Length": 13747.898307684802, "Shape_Area": 3221677.4772128114, "color": "#d7c542"}, "geometry": {"type": "MultiPolygon", "coordinates": [[[[-56.16460968209733, -34.91052906607233], [-56.15501562536641, -34.91362426475299], [-56.14802798982503, -34.9154980540126], [-56.14840721948624, -34.916610906971364], [-56.14845982048392, -34.91741380806492], [-56.14834573711408, -34.918323747511444], [-56.14800232604151, -34.91897959692055], [-56.147743743495624, -34.91923928280294], [-56.147390587811124, -34.9192864000173], [-56.14636654029482, -34.91899967665223], [-56.14622984829327, -34.918683113801], [-56.146214063921434, -34.91888589021999], [-56.145863536203265, -34.91890596982587], [-56.14566534749998, -34.91875128391685], [-56.14522940560655, -34.91889249351622], [-56.145156475690975, -34.91906330752536], [-56.14520549788096, -34.919284574107685], [-56.14549933829255, -34.919482219661845], [-56.145272789065956, -34.91959163269112], [-56.1454964504705, -34.919665343451655], [-56.14544682910769, -34.919831812917714], [-56.14590515862317, -34.920303930398994], [-56.14587547235431, -34.92046152293703], [-56.14618739614635, -34.92053585282432], [-56.14635763367782, -34.92038418733001], [-56.146962325638334, -34.92063146767142], [-56.14737568069712, -34.920557722547834], [-56.14732477659538, -34.92069102478485], [-56.14742853403559, -34.92060768807411], [-56.1476651696292, -34.92081674408808], [-56.147557220638426, -34.92094514396633], [-56.1476897070507, -34.9208259334174], [-56.14829995366491, -34.92123108068423], [-56.148560363214386, -34.92093762625304], [-56.14830177683731, -34.92123295281274], [-56.14862383245367, -34.92146819562618], [-56.14842092846606, -34.92176885036868], [-56.14866123011208, -34.921491000686736], [-56.149226357683325, -34.92156258798971], [-56.14916347755012, -34.92168838867824], [-56.14965337884324, -34.921822567714514], [-56.14990316964122, -34.92221656431636], [-56.151582545167194, -34.923057885669834], [-56.151671165424524, -34.92362208019239], [-56.15153411427112, -34.92377441584351], [-56.15095626037656, -34.92360806952988], [-56.15140142397499, -34.92376898059234], [-56.15132505702938, -34.92407503239317], [-56.151444132423634, -34.92420661360083], [-56.15120801789457, -34.924543109792815], [-56.150782689089496, -34.924648344333136], [-56.150960696923164, -34.92503732834788], [-56.15121243136831, -34.9251112248333], [-56.150914872437035, -34.92543376531534], [-56.151228574110945, -34.925138389229005], [-56.15161097174822, -34.92534845572426], [-56.15309612780903, -34.92518748972196], [-56.15331803520275, -34.9258337668098], [-56.15373924149258, -34.925863752875095], [-56.154079031855694, -34.92615917837638], [-56.15456983720706, -34.9262753096181], [-56.15471279481961, -34.926614449643296], [-56.15506956712114, -34.92652225049852], [-56.155446423616546, -34.92667365459139], [-56.155485918351445, -34.92709322938512], [-56.155831689510485, -34.92707308923299], [-56.15576343345691, -34.92718983870812], [-56.15609938659192, -34.927259801677685], [-56.15622730694308, -34.9275312064068], [-56.157265593190985, -34.92737610273763], [-56.157874612315744, -34.92784471180381], [-56.15798767023308, -34.9280979772675], [-56.157805619554665, -34.92850248992452], [-56.15824674438985, -34.928861726683365], [-56.15844518594776, -34.92926436717358], [-56.15823030334217, -34.92953339484447], [-56.15842119251101, -34.929737604434976], [-56.15847764676636, -34.93044133768395], [-56.15823155454926, -34.93075072653936], [-56.15844289522889, -34.93082883687897], [-56.15858048177291, -34.93129417596242], [-56.15836738357531, -34.93145500964163], [-56.15877525133689, -34.93152095486412], [-56.15893583023693, -34.93201350433075], [-56.15887058531958, -34.93263974838046], [-56.15865304997219, -34.93289974102841], [-56.1586416372015, -34.93348127161778], [-56.159051249320605, -34.934584206340496], [-56.15986347112383, -34.93573501046797], [-56.15984090812903, -34.93781331885742], [-56.1602974926577, -34.937802957077494], [-56.160469331662725, -34.93806563624926], [-56.16059663119937, -34.93786362895135], [-56.16052349047213, -34.93604164925043], [-56.160848364575706, -34.935926670098866], [-56.16078829188527, -34.93577747131746], [-56.16105564091046, -34.935598973795265], [-56.161353682779506, -34.93556496278979], [-56.16105082201651, -34.93533293305531], [-56.16112730198682, -34.93501335048306], [-56.16136147192974, -34.93500144139521], [-56.16114195200769, -34.93491877100991], [-56.1615702577802, -34.93452497069026], [-56.16250942411356, -34.93483803348437], [-56.16197430575189, -34.93469908535481], [-56.16169722415493, -34.934422149010885], [-56.16198151538804, -34.93378839741838], [-56.16224735251701, -34.93355578348611], [-56.163633414334015, -34.93346163549142], [-56.16396719580561, -34.93239990230142], [-56.16371739062738, -34.932267433510596], [-56.163544602465805, -34.93317698203002], [-56.16310988745513, -34.93339490983762], [-56.16233308530122, -34.933267824042815], [-56.16230541862317, -34.93275816110246], [-56.16244515362314, -34.932677969643784], [-56.162050239376406, -34.932481376533], [-56.161745298167155, -34.932925624648306], [-56.16149466149946, -34.93300955852364], [-56.160936290994755, -34.93287044539574], [-56.16115273427403, -34.932448131347435], [-56.1609067332893, -34.932816138020506], [-56.16037779420638, -34.93260959656278], [-56.16023599294379, -34.932220876644124], [-56.16048256033479, -34.93159588481449], [-56.16046251961092, -34.931144885951234], [-56.16078862730312, -34.93070529574282], [-56.16142795623565, -34.93082242528076], [-56.16057981505884, -34.93031160462302], [-56.160690082681676, -34.930168091071096], [-56.16081379243776, -34.9302501005023], [-56.16095156784637, -34.93009325089042], [-56.16119642215256, -34.93044210418726], [-56.161595984432765, -34.930516999796986], [-56.161718073880465, -34.93022027431146], [-56.16139918002789, -34.92988443683704], [-56.16241793085646, -34.929431586503306], [-56.16245306626686, -34.9292063984131], [-56.16288387335926, -34.92923641908749], [-56.16298022666368, -34.92898009235854], [-56.16401606059791, -34.92866260431496], [-56.16437963311257, -34.92837204590589], [-56.164541169719065, -34.927962873483104], [-56.16549136370559, -34.92758617184716], [-56.166179393251184, -34.926810906198426], [-56.167708563155465, -34.926289374790926], [-56.168033895876846, -34.926395300944044], [-56.16802353658424, -34.926201359757734], [-56.16835607565513, -34.92627126550977], [-56.168340243605854, -34.92614491604316], [-56.16855491069454, -34.92616441965972], [-56.16960787354284, -34.92556746667142], [-56.17053900615816, -34.92537995647867], [-56.17078405384487, -34.925440241052755], [-56.170768105226934, -34.92573319199498], [-56.17130677520837, -34.92571883267987], [-56.1708095218496, -34.92569740575281], [-56.17082104746229, -34.92543598490402], [-56.171830671313145, -34.925131776468575], [-56.172011966458626, -34.92479486606638], [-56.17292258113051, -34.92487771447101], [-56.171944681417706, -34.924749321401855], [-56.17213062891206, -34.92442596833861], [-56.17278738309348, -34.924371829376206], [-56.17230268476554, -34.92439558022356], [-56.171784679473824, -34.92364812917452], [-56.17201217575411, -34.92327546466447], [-56.17182609232571, -34.92293154179073], [-56.17132528552752, -34.92272073106329], [-56.17113404892289, -34.92159678161019], [-56.17186399181136, -34.92092997495118], [-56.17214302565951, -34.92121591915888], [-56.17190572739068, -34.920930259388165], [-56.172347421563636, -34.920689803475156], [-56.17266102495701, -34.9197811985603], [-56.17229951493445, -34.91932787488814], [-56.17211738814165, -34.91934016001669], [-56.17217566874968, -34.919191772708174], [-56.17209978064927, -34.91932200558389], [-56.171707869235455, -34.919102921116796], [-56.1714840127599, -34.91918255009723], [-56.17164025781751, -34.9188860465955], [-56.171346629485825, -34.919168087439374], [-56.17059848192843, -34.918721138694345], [-56.17077237761486, -34.9183706533699], [-56.170582972775, -34.91869848974867], [-56.17018841201525, -34.918267477319475], [-56.17007163368304, -34.917089930598536], [-56.17056106923349, -34.91579551606979], [-56.16940455904608, -34.91552539083505], [-56.16950288825307, -34.91540883879794], [-56.16738107431991, -34.91526322919097], [-56.166352448951656, -34.91450357762759], [-56.16574843041908, -34.91438985678885], [-56.16581199418181, -34.913610738567876], [-56.16358552192828, -34.91361666910022], [-56.163335019553344, -34.913914754217416], [-56.162996146390306, -34.91363591791371], [-56.16308370643237, -34.91291138190306], [-56.163801655165344, -34.9124810198311], [-56.16358016452965, -34.9118852298079], [-56.16388124695396, -34.911248470001084], [-56.16469365406452, -34.91089671713085], [-56.16560312451347, -34.9111138277781], [-56.16566071797615, -34.91060438115087], [-56.1646908365055, -34.910504102417825], [-56.16460968209733, -34.91052906607233]]]]}}, {"type": "Feature", "properties": {"OBJECTID_1": 21, "OBJECTID": 88, "AREA": 4694533.72033096, "PERIMETER": 11634.672704527928, "Codigo": 71, "Shape_Leng": 4697910.2122001825, "Shape_Length": 11917.414358413038, "Shape_Area": 4583297.892869601, "color": "#e6de4c"}, "geometry": {"type": "MultiPolygon", "coordinates": [[[[-56.11660993489601, -34.85773041328563], [-56.116930059801774, -34.85885283936785], [-56.11736660373579, -34.859670748498665], [-56.11787867247434, -34.860279380024636], [-56.11923048133516, -34.861190498760244], [-56.11974560760603, -34.86131452014346], [-56.120083817583556, -34.86053441258905], [-56.120000510030174, -34.8604202443514], [-56.12115416614678, -34.858745591655904], [-56.12448514202956, -34.860464006195755], [-56.12294488254537, -34.86292644270781], [-56.133648163677016, -34.85859010767954], [-56.13336201649921, -34.85736959813238], [-56.12722537394773, -34.84976712554458], [-56.12553197687182, -34.84511012990868], [-56.12460757128204, -34.84200332678937], [-56.12414408021048, -34.84154853858974], [-56.12361627328981, -34.84205772417964], [-56.12220909958931, -34.8422303280138], [-56.12005647231459, -34.8428860389711], [-56.11939731162403, -34.84139632413806], [-56.11875911695438, -34.83865665843342], [-56.10477495704534, -34.84298363674555], [-56.10508809029691, -34.84365855604172], [-56.09224015272582, -34.84695995905863], [-56.10118864490741, -34.852210495736344], [-56.10200957347521, -34.85388385207825], [-56.10624018535241, -34.85379963068366], [-56.11366121252562, -34.85153353745693], [-56.113881522892996, -34.85350875575498], [-56.11247911848051, -34.85397193645513], [-56.11260371633923, -34.85509899121313], [-56.11398228264114, -34.85463142095269], [-56.11405942521517, -34.85540818953917], [-56.11273584993264, -34.855849403876036], [-56.11358126256139, -34.85700947945698], [-56.114018667781366, -34.85707045601794], [-56.1146205750178, -34.85691296160235], [-56.115516296260154, -34.85743018408488], [-56.11654556333661, -34.85753612466096], [-56.1165901401496, -34.85769797771261], [-56.11660993489601, -34.85773041328563]]]]}}, {"type": "Feature", "properties": {"OBJECTID_1": 22, "OBJECTID": 92, "AREA": 7810729.987009499, "PERIMETER": 13696.173743102872, "Codigo": 65, "Shape_Leng": 7814245.782657271, "Shape_Length": 9712.05735427878, "Shape_Area": 4809340.696316492, "color": "#d7d775"}, "geometry": {"type": "MultiPolygon", "coordinates": [[[[-56.02893286635283, -34.859351078207865], [-56.04086933181384, -34.870222452545214], [-56.041250807203326, -34.86970886527902], [-56.0413516002436, -34.868983416937496], [-56.04200455302384, -34.86847797812575], [-56.044818439593065, -34.868393114546066], [-56.04537922707316, -34.86823676639134], [-56.04646140350598, -34.867550161586465], [-56.047056778141716, -34.86740635555906], [-56.04814885090224, -34.86747380819217], [-56.0519066870304, -34.86935455809388], [-56.05349810306603, -34.86930059306141], [-56.05669388579938, -34.86840035327097], [-56.058372981754445, -34.86809898150264], [-56.05913615009106, -34.86751750174308], [-56.05992494382557, -34.866498703470015], [-56.06076891391381, -34.86592019487899], [-56.06068993471708, -34.865254967116876], [-56.060220981053604, -34.86406768476263], [-56.05919068225928, -34.86283418623246], [-56.05869409238431, -34.86258808550915], [-56.05695180342848, -34.8610993666778], [-56.05597456786715, -34.85956466700945], [-56.05591116799022, -34.85897223379583], [-56.05604874105579, -34.85869314837441], [-56.05621729400495, -34.85617130881316], [-56.0542265636297, -34.85241363509817], [-56.05401727060385, -34.851840523990056], [-56.05408123201592, -34.85141259566041], [-56.053923128800136, -34.851235533404406], [-56.05407487198836, -34.84934349042647], [-56.05433875309112, -34.848583270483786], [-56.05438786841919, -34.84286021195388], [-56.05001807271912, -34.84315807110854], [-56.0385632041408, -34.85231872060278], [-56.02893286635283, -34.859351078207865]]]]}}, {"type": "Feature", "properties": {"OBJECTID_1": 37, "OBJECTID": 390, "AREA": 17243442.245398298, "PERIMETER": 20428.516552008823, "Codigo": 391, "Shape_Leng": 9812770.36088217, "Shape_Length": 14875.887188179244, "Shape_Area": 9813444.044878073, "color": "#dfe481"}, "geometry": {"type": "MultiPolygon", "coordinates": [[[[-56.014473727312165, -34.84220649387173], [-56.013361825473474, -34.84090357923908], [-56.012814220303476, -34.83952756684825], [-56.007841792363465, -34.81708419313673], [-56.00452482496143, -34.81758817370383], [-56.004785285026045, -34.81877529807075], [-56.00446074812837, -34.81935251683443], [-55.99831314534477, -34.816547296782666], [-55.99615641179658, -34.81933398343166], [-55.99298191349277, -34.82303144857147], [-55.99657555252892, -34.82467974236336], [-55.98491292627625, -34.83633154780182], [-55.977028027293564, -34.83203743673125], [-55.969964101279075, -34.8392179243426], [-55.97040037824944, -34.83945824855286], [-55.965973804556356, -34.84388600639325], [-55.971640382491614, -34.847159829558805], [-55.986934730064476, -34.85653904031727], [-56.014473727312165, -34.84220649387173]]], [[[-56.014473727312165, -34.84220649387173], [-56.014487001183966, -34.84221773677773], [-56.01448714425645, -34.84221766219244], [-56.014473727312165, -34.84220649387173]]]]}}, {"type": "Feature", "properties": {"OBJECTID_1": 40, "OBJECTID": 381, "AREA": 6664060.897204572, "PERIMETER": 11072.912378363435, "Codigo": 381, "Shape_Leng": 6676224.692938181, "Shape_Length": 11089.872479732661, "Shape_Area": 6676224.690801145, "color": "#cee236"}, "geometry": {"type": "MultiPolygon", "coordinates": [[[[-56.03930733061693, -34.8284125467169], [-56.03498103337979, -34.82838340267458], [-56.02573192945483, -34.82895982608452], [-56.010871804918324, -34.83069881672515], [-56.013062606526006, -34.84031801049899], [-56.01361865003984, -34.84128937881995], [-56.01422175838615, -34.841975734062956], [-56.016070279239685, -34.84324596701519], [-56.0228418918448, -34.84536150922498], [-56.024330497631084, -34.84557565207399], [-56.024960525373174, -34.84594536520207], [-56.0280191978463, -34.84677690672126], [-56.03025043770663, -34.84590621272383], [-56.03380903651155, -34.844836540085765], [-56.03682706100029, -34.84414423420589], [-56.04489795827845, -34.84274750274079], [-56.048672038411894, -34.84319770424538], [-56.05438786841919, -34.84286021195388], [-56.05464585179715, -34.8394241382247], [-56.05505508278273, -34.82643360126663], [-56.0455621197955, -34.82814180536605], [-56.040844615998864, -34.82836024620717], [-56.03930733061693, -34.8284125467169]]]]}}, {"type": "Feature", "properties": {"OBJECTID_1": 41, "OBJECTID": 380, "AREA": 10380271.64736383, "PERIMETER": 13393.9751859281, "Codigo": 380, "Shape_Leng": 10381910.669630243, "Shape_Length": 13414.865368244995, "Shape_Area": 10382729.785767814, "color": "#bed161"}, "geometry": {"type": "MultiPolygon", "coordinates": [[[[-56.0247060054836, -34.80491355148405], [-56.005804251796256, -34.807734901695405], [-56.010856407364635, -34.830711265138454], [-56.02573192945483, -34.82895982608452], [-56.029853236250844, -34.82863157113676], [-56.0455621197955, -34.82814180536605], [-56.05505471237344, -34.82643367142937], [-56.055038098129074, -34.826166249761286], [-56.053860903002324, -34.82426140927157], [-56.05224757558075, -34.822005674468116], [-56.051981507813146, -34.82130927140075], [-56.052037423698685, -34.81994809853779], [-56.053080674522676, -34.81633335652504], [-56.05023891686492, -34.812548919651846], [-56.04943813089455, -34.81016210275796], [-56.04729786012717, -34.80756191108294], [-56.04533405623175, -34.805905373270235], [-56.044756757330056, -34.80560327222366], [-56.04407668846792, -34.80550325020385], [-56.04176330986208, -34.80578262564206], [-56.04061087099712, -34.805525569726235], [-56.04037966914275, -34.80531184045065], [-56.040192327984876, -34.8047332565742], [-56.04047172663244, -34.8042665610358], [-56.041573367648446, -34.80371617068453], [-56.041685107923435, -34.80301434676924], [-56.04144859924524, -34.802658043163106], [-56.033366623967474, -34.80362877458806], [-56.0247060054836, -34.80491355148405]]]]}}, {"type": "Feature", "properties": {"OBJECTID_1": 44, "OBJECTID": 453, "AREA": 264818171.42268392, "PERIMETER": 68785.44328945954, "Codigo": 455, "Shape_Leng": 264844635.807804, "Shape_Length": 80757.85064611072, "Shape_Area": 289755519.2032578, "color": "#c7e06c"}, "geometry": {"type": "MultiPolygon", "coordinates": [[[[-56.27295959770619, -34.633128929253424], [-56.26586135861633, -34.65432933520204], [-56.26386069573585, -34.66137758873381], [-56.259817511508565, -34.664236201222764], [-56.24304283151313, -34.66479914907559], [-56.24048490827182, -34.664690194078865], [-56.24074963954389, -34.682133223859346], [-56.240665746765934, -34.68421930435522], [-56.238581127054104, -34.69195225618726], [-56.237873671153395, -34.695304702916935], [-56.24553061574489, -34.720479510742415], [-56.247854046411426, -34.727660319866395], [-56.25175234012927, -34.74282529861809], [-56.253698402965554, -34.74782646288588], [-56.25490716051186, -34.75033822696149], [-56.25631441095851, -34.75206239408898], [-56.25754528709895, -34.753972951489075], [-56.25780085161943, -34.75377920573311], [-56.25875335283082, -34.753636218059654], [-56.259261568443044, -34.75384671403897], [-56.25945991058403, -34.75373520112197], [-56.26003862128932, -34.75385143836759], [-56.26142210033149, -34.753544223365864], [-56.26192895843753, -34.753907998257176], [-56.26204239129738, -34.754206264651316], [-56.26262637284751, -34.75442171454853], [-56.26332497789751, -34.754110328853045], [-56.26526400141803, -34.75252593809978], [-56.266350342506335, -34.75230254030759], [-56.266818121104336, -34.75191309421959], [-56.26708417194441, -34.75132404622594], [-56.26732314143641, -34.75117218587632], [-56.2677819783569, -34.75109829645255], [-56.26794293359683, -34.75127510639105], [-56.26878247111447, -34.75139286976963], [-56.26948780841487, -34.75100934824395], [-56.27025307020804, -34.75103197158782], [-56.27159968480801, -34.74954762832877], [-56.271556580315654, -34.749168633119474], [-56.27190364173967, -34.74860260249804], [-56.273056167263086, -34.747441713741246], [-56.27347399828221, -34.7467453461417], [-56.273761209266596, -34.74575963610289], [-56.27444920220187, -34.74461850613061], [-56.2744361545097, -34.74415853253468], [-56.27317353212295, -34.741292434874], [-56.27214291234137, -34.74047469876569], [-56.272283207876136, -34.73973609631906], [-56.27311550255701, -34.73912438980241], [-56.27552520357597, -34.738282211976596], [-56.27627979976864, -34.73828944309548], [-56.27748046441613, -34.73876274059385], [-56.27780868340632, -34.73864643071419], [-56.277908496076336, -34.738227571718745], [-56.27758607573697, -34.73730586683705], [-56.277855400248875, -34.7370324278078], [-56.27791707633183, -34.73661347602569], [-56.277584468910064, -34.73552939408802], [-56.27775970343317, -34.73469179818657], [-56.278366105526366, -34.73428058357306], [-56.27881493540953, -34.73353929117262], [-56.278848351673886, -34.732836117360115], [-56.27863801797033, -34.73174374392093], [-56.27918411060503, -34.73057018143436], [-56.27916400780527, -34.729740444189055], [-56.27949989885934, -34.729030041704185], [-56.27955220125992, -34.72772280008365], [-56.27989063994995, -34.726795988995455], [-56.28080711946296, -34.726112718640834], [-56.28121792584246, -34.726286477663855], [-56.28151705186021, -34.72620141366601], [-56.28173201049792, -34.725183692710075], [-56.283337805726596, -34.72380894851928], [-56.28578515720316, -34.7236294431364], [-56.28635295787319, -34.72316836409681], [-56.28660434903718, -34.722669359406986], [-56.2882139689016, -34.72147041531779], [-56.28817123841324, -34.72119963737066], [-56.28721698543106, -34.720959600017], [-56.28709622904367, -34.72063425949077], [-56.287552413638814, -34.71989297531814], [-56.2897378653501, -34.71823747787581], [-56.29008737285884, -34.718153847660886], [-56.2910927604343, -34.71895776098482], [-56.29203658115771, -34.719139092856516], [-56.29368445349745, -34.718481354194374], [-56.29404751567213, -34.71816784193387], [-56.29491468601736, -34.71805112591942], [-56.29514080839746, -34.71786757320315], [-56.29518838048479, -34.71757026699086], [-56.2957664785024, -34.717091167352876], [-56.29614468766977, -34.716277258233276], [-56.296049067193685, -34.71555980478028], [-56.29621356522242, -34.7147536778119], [-56.297371156063946, -34.71354297971926], [-56.29726914606266, -34.712288941128946], [-56.29842957043476, -34.712110767213595], [-56.298860385611206, -34.71160825986816], [-56.29899587065305, -34.71116266671521], [-56.299678504059656, -34.71098623967526], [-56.29984033131899, -34.71073467601776], [-56.301251310503474, -34.710219753281784], [-56.30174689337137, -34.709397480754134], [-56.30183765432753, -34.70842409608465], [-56.30228045778507, -34.708683635189004], [-56.30369560013836, -34.70831749854111], [-56.30396491954254, -34.70761566143557], [-56.30385818016806, -34.70724081957777], [-56.30420840885496, -34.706737832122975], [-56.30532973355861, -34.70665405370795], [-56.30634894079893, -34.70694842467004], [-56.308257212908096, -34.70612063220995], [-56.30862270096133, -34.705748474273115], [-56.30844394888068, -34.704101739313465], [-56.30903874854007, -34.70323491043634], [-56.30923122691223, -34.703231492899334], [-56.309776189604754, -34.703762113530736], [-56.31049003730295, -34.70376164616333], [-56.31100266639507, -34.704242481293235], [-56.31113654467463, -34.70464001480165], [-56.311782012096714, -34.704986332817306], [-56.312569203878915, -34.70478337044166], [-56.31283319583061, -34.703477300078774], [-56.31308380826873, -34.703045865784794], [-56.31453576641034, -34.702170312034745], [-56.31543342349811, -34.70189130212232], [-56.316278047272, -34.70208541497199], [-56.317655563395526, -34.702873163675754], [-56.320781598806036, -34.70215118044116], [-56.32429714294476, -34.702197778349365], [-56.3260151408833, -34.703591503857396], [-56.32699686161412, -34.70464297856669], [-56.32866944335877, -34.708628992182724], [-56.32994441985857, -34.71090395030964], [-56.33090029068966, -34.71170726554935], [-56.33328302819364, -34.71305944877257], [-56.33418475325163, -34.71381284491138], [-56.3350839717184, -34.71479617078516], [-56.335572949263295, -34.715614935720005], [-56.336202727063345, -34.715983583423025], [-56.336973152947685, -34.71592014621277], [-56.33774753114472, -34.71544642250178], [-56.339631180985776, -34.71375231039439], [-56.34067967743631, -34.713392773801395], [-56.34175292858561, -34.7133534886698], [-56.342300134219784, -34.713721658906444], [-56.34267625571965, -34.714837369199245], [-56.34370032604442, -34.71661936785948], [-56.34474702987841, -34.71787394677665], [-56.34608313097665, -34.71913457914711], [-56.34704900017267, -34.721736842730266], [-56.34788004291893, -34.72230489708942], [-56.34983665057844, -34.72296913458132], [-56.35083516593744, -34.72358882107168], [-56.35197491907739, -34.72475365695678], [-56.35271404199689, -34.72670088910568], [-56.3581308749879, -34.71953797367065], [-56.362392384760874, -34.71276103178346], [-56.36412867282008, -34.711074783294286], [-56.3673693256009, -34.70882370673518], [-56.367712345336436, -34.70688668584075], [-56.367670314233735, -34.70586296069758], [-56.36852953640355, -34.70505582489101], [-56.368961514379436, -34.702542127917724], [-56.37043854724019, -34.70125122037989], [-56.378408197826424, -34.699218063433534], [-56.38738844644139, -34.69843391049673], [-56.38814516680363, -34.697887632098656], [-56.38737896043008, -34.697220981141534], [-56.390773540120335, -34.69708469767689], [-56.39383657405833, -34.69655890923446], [-56.39540114367219, -34.69573705169979], [-56.400365934718046, -34.695680422277775], [-56.40328306382267, -34.6952168016951], [-56.406451745893364, -34.694114078110296], [-56.409174313711226, -34.69359183055843], [-56.41378056901408, -34.69284198115984], [-56.41899788501437, -34.69236197253534], [-56.422572171870165, -34.691860440047456], [-56.426612437746336, -34.69027435793881], [-56.43079535669702, -34.68826046403824], [-56.43522512171914, -34.68513387647219], [-56.44000482424703, -34.680042860649834], [-56.44283289071901, -34.677584952363695], [-56.44496430064981, -34.674708988992215], [-56.447681065492304, -34.6720114864674], [-56.45153192295327, -34.669756391478025], [-56.45790736746471, -34.66821581264788], [-56.46571192393801, -34.66549410888211], [-56.46815432925556, -34.66392845664534], [-56.47095194364421, -34.660995752283974], [-56.47106836571519, -34.65738011522773], [-56.4781206691381, -34.64949736490709], [-56.48321294139868, -34.647571200469], [-56.48480450939482, -34.64584200151094], [-56.484783768331454, -34.643439932123364], [-56.48369544757727, -34.638990159082596], [-56.482842006158144, -34.637893484376924], [-56.482355443315306, -34.63852709727138], [-56.48205269593081, -34.63509460135412], [-56.4794718941902, -34.63179209771764], [-56.475957539166025, -34.61907928809325], [-56.475361566911026, -34.614892552333565], [-56.475212603982214, -34.61040149635379], [-56.475601798361126, -34.60641009056002], [-56.475638404596545, -34.604370359166545], [-56.47990725473543, -34.601683260857456], [-56.484337696805134, -34.60059737183419], [-56.48675581710555, -34.599750865997386], [-56.48895362608714, -34.598587762582284], [-56.49103484594458, -34.5965268505409], [-56.49209789624638, -34.59376277973209], [-56.49260301774295, -34.59161861619597], [-56.49248012049637, -34.58941322304614], [-56.49148728071189, -34.58637004897251], [-56.49128621013922, -34.58424999751506], [-56.49170684905881, -34.58332741205995], [-56.49145296691178, -34.58092758386548], [-56.49008405314258, -34.579291436604656], [-56.48879078000697, -34.57854925396732], [-56.48459804794977, -34.576651381256994], [-56.47999710961897, -34.572821787102455], [-56.474786851042595, -34.57091005332542], [-56.46611821860387, -34.56970584608981], [-56.45324601974903, -34.567465494746074], [-56.42516180971162, -34.56489623831412], [-56.39862353824691, -34.563484054155325], [-56.39536151986006, -34.563724808304045], [-56.370186555509484, -34.56693678483113], [-56.343914869906484, -34.57116512863014], [-56.33116210541752, -34.57379300300321], [-56.32260494748259, -34.575929165667525], [-56.316989092944155, -34.57910867983432], [-56.30855866313692, -34.5845837976967], [-56.30027339109103, -34.591979786225664], [-56.292944602910396, -34.598149044254534], [-56.28563541986987, -34.60608183543363], [-56.282092894230985, -34.61037417752326], [-56.275326044259735, -34.625933425627885], [-56.27295959770619, -34.633128929253424]], [[-56.26324993062794, -34.701138106629465], [-56.262528550864936, -34.70249451978796], [-56.26327252516652, -34.70109078259448], [-56.26324993062794, -34.701138106629465]]]]}}, {"type": "Feature", "properties": {"OBJECTID_1": 45, "OBJECTID": 452, "AREA": 198312219.0574481, "PERIMETER": 55455.14496799446, "Codigo": 456, "Shape_Leng": 197726053.51122326, "Shape_Length": 65934.49617657249, "Shape_Area": 201151772.00066325, "color": "#cbec79"}, "geometry": {"type": "MultiPolygon", "coordinates": [[[[-56.21369763027785, -34.66827387783095], [-56.20946992186152, -34.663923225844364], [-56.21389257098563, -34.66112108796534], [-56.22245066499331, -34.64531666939536], [-56.23551526319079, -34.65357428281797], [-56.2406782034372, -34.66143789403036], [-56.240475329348, -34.66468872404031], [-56.243043680121474, -34.66479812452792], [-56.25981835990673, -34.664235176555486], [-56.263861544054976, -34.661376564036914], [-56.26586220683763, -34.65432831048883], [-56.275326893168995, -34.625932399943785], [-56.28209374179754, -34.61037315268176], [-56.285636267348764, -34.60608081056572], [-56.29294545021807, -34.59814801933244], [-56.3002742382456, -34.591978761249784], [-56.30855951011408, -34.58458277265997], [-56.31698993976211, -34.57910765473627], [-56.30231770226299, -34.57162055745175], [-56.27866929663831, -34.56120851691911], [-56.26793816755897, -34.55749145349034], [-56.25556042839193, -34.55285012480186], [-56.22691412108809, -34.54982903564615], [-56.15342847906405, -34.55538117928496], [-56.12724118070983, -34.57894216434115], [-56.122123851111276, -34.59306131372118], [-56.118133356739044, -34.60490516026677], [-56.11807059145137, -34.610841007342295], [-56.11625167273101, -34.62612520851879], [-56.12223089903242, -34.66173298094386], [-56.136404374540355, -34.68038093038567], [-56.15345298105769, -34.68894826915834], [-56.17042223226672, -34.69817846603391], [-56.16985720440909, -34.70548900987087], [-56.16959738922862, -34.70686884597287], [-56.16953481201236, -34.715317582906195], [-56.1751335923009, -34.71956253806953], [-56.17709232476056, -34.719658093179895], [-56.17793539213457, -34.72038294472055], [-56.17835594016126, -34.720321571642565], [-56.17956080186222, -34.72114795785881], [-56.181041446528035, -34.71953728004368], [-56.181731734341795, -34.718477671022406], [-56.184203232476214, -34.71699396879473], [-56.1874966161252, -34.715535016803095], [-56.190662834472334, -34.713822310312835], [-56.1930031081435, -34.71306726375391], [-56.19564875329112, -34.711976918189144], [-56.19862072053856, -34.7128878554448], [-56.2057148086191, -34.70786939522711], [-56.18560824312165, -34.687181749202566], [-56.2121845423015, -34.66930873469313], [-56.21369763027785, -34.66827387783095]]]]}}, {"type": "Feature", "properties": {"OBJECTID_1": 46, "OBJECTID": null, "AREA": 765317.868049462, "PERIMETER": 4093.039569672602, "Codigo": 78, "Shape_Leng": 766317.5491443387, "Shape_Length": 4090.5536283616307, "Shape_Area": 766317.5491444567, "color": "#a1cb4d"}, "geometry": {"type": "MultiPolygon", "coordinates": [[[[-56.11650875803978, -34.87776788697871], [-56.114469548376476, -34.87762066596937], [-56.11330978298501, -34.87785313394418], [-56.10996330984438, -34.876723200982624], [-56.1093205219564, -34.877277200229834], [-56.108076811131596, -34.879269512223914], [-56.107014406205984, -34.87870469398704], [-56.104577337061045, -34.88172491166275], [-56.10672390716408, -34.88294120025189], [-56.10757274257688, -34.88248391712361], [-56.108714318165774, -34.88238511769065], [-56.109926660807936, -34.882927365066756], [-56.110430485469806, -34.883482858115286], [-56.11101707669548, -34.8837069722027], [-56.11120548652462, -34.88370461401115], [-56.11133474284926, -34.88327656483376], [-56.112021250706, -34.883323626913665], [-56.11427020171923, -34.88401174383228], [-56.11618338391428, -34.88402778460912], [-56.11654408320046, -34.88430032311215], [-56.119949839386116, -34.88384207257268], [-56.11936277122736, -34.88242248001256], [-56.118248811414645, -34.87780395988023], [-56.116938003555184, -34.87654688584724], [-56.11663303174059, -34.87757439885536], [-56.11650875803978, -34.87776788697871]]]]}}, {"type": "Feature", "properties": {"OBJECTID_1": 48, "OBJECTID": null, "AREA": 3862166.193079102, "PERIMETER": 9523.954342027133, "Codigo": 39, "Shape_Leng": 3861468.7124786484, "Shape_Length": 6305.678802621137, "Shape_Area": 1566830.739349435, "color": "#a8db57"}, "geometry": {"type": "MultiPolygon", "coordinates": [[[[-56.15412205779663, -34.88059731010996], [-56.165028901070045, -34.89348621264761], [-56.16502422734824, -34.89418658314249], [-56.16681307051008, -34.87817274499478], [-56.165433549259575, -34.87806595217743], [-56.16628008519561, -34.86985351509123], [-56.159323233650326, -34.87401934342066], [-56.158890497007164, -34.874414166262284], [-56.15437216701548, -34.88044523517278], [-56.15412205779663, -34.88059731010996]]]]}}, {"type": "Feature", "properties": {"OBJECTID_1": 49, "OBJECTID": 62, "AREA": 6710631.47709336, "PERIMETER": 17382.927273296318, "Codigo": 16, "Shape_Leng": 6710501.2581611145, "Shape_Length": 13114.173824285655, "Shape_Area": 3271876.176592267, "color": "#ace963"}, "geometry": {"type": "MultiPolygon", "coordinates": [[[[-56.119949839386116, -34.88384207257268], [-56.11654408320046, -34.88430032311215], [-56.11618338391428, -34.88402778460912], [-56.11427020171923, -34.88401174383228], [-56.112021250706, -34.883323626913665], [-56.11133474284926, -34.88327656483376], [-56.11120548652462, -34.88370461401115], [-56.11101707669548, -34.8837069722027], [-56.110430485469806, -34.883482858115286], [-56.109926660807936, -34.882927365066756], [-56.108714318165774, -34.88238511769065], [-56.10757274257688, -34.88248391712361], [-56.10672390716408, -34.88294120025189], [-56.104577337061045, -34.88172491166275], [-56.107014406205984, -34.87870469398704], [-56.108076811131596, -34.879269512223914], [-56.1093205219564, -34.877277200229834], [-56.10996330984438, -34.876723200982624], [-56.11330978298501, -34.87785313394418], [-56.114469548376476, -34.87762066596937], [-56.11626754126331, -34.87784233768072], [-56.11663303174059, -34.87757439885536], [-56.116938003555184, -34.87654688584724], [-56.118248811414645, -34.87780395988023], [-56.11936277122736, -34.88242248001256], [-56.119949839386116, -34.88384207257268], [-56.12524685136527, -34.8820120198547], [-56.12538465698492, -34.88185469008002], [-56.1245261955328, -34.8795463569751], [-56.124637065781364, -34.87854568283661], [-56.12411185993609, -34.87655287106558], [-56.1235435818243, -34.87533401395838], [-56.12424521609299, -34.873022939586406], [-56.12087070368538, -34.87223062052494], [-56.11684430374684, -34.87154887770535], [-56.1132886670635, -34.87053971737144], [-56.10794653864759, -34.8698826504836], [-56.10203551107168, -34.87178411519736], [-56.10296799964927, -34.87309337012076], [-56.10187823063096, -34.873481376694315], [-56.10078635610655, -34.874192023567524], [-56.10075495919065, -34.874400228479914], [-56.100319256961555, -34.87467983084711], [-56.09993752385085, -34.87461217871427], [-56.098892043964696, -34.875156209211255], [-56.09936365760032, -34.87648313213549], [-56.09875874974654, -34.876214618516066], [-56.0981493448864, -34.87553482124587], [-56.09783088122669, -34.87568747292218], [-56.09850771836281, -34.87682270575051], [-56.093056800160305, -34.87818043327378], [-56.095579144092845, -34.881595297698404], [-56.09749937858999, -34.88246337519301], [-56.095754761239675, -34.884994352506645], [-56.0973868645329, -34.88535904443084], [-56.10044218398996, -34.88587898284], [-56.10522022457987, -34.88593697419103], [-56.1120736459733, -34.88728271356487], [-56.12129910929741, -34.88708410745518], [-56.12011762492471, -34.88421684173337], [-56.119949839386116, -34.88384207257268]]]]}}, {"type": "Feature", "properties": {"OBJECTID_1": 50, "OBJECTID": 62, "AREA": 11504143.800023057, "PERIMETER": 17162.39903719743, "Codigo": 55, "Shape_Leng": 11504027.429171275, "Shape_Length": 16950.41581213256, "Shape_Area": 10648653.012194136, "color": "#b3dd88"}, "geometry": {"type": "MultiPolygon", "coordinates": [[[[-56.056458169727534, -34.86867366373877], [-56.05330918474792, -34.86951182102359], [-56.05230559343527, -34.86957283471499], [-56.05148638583028, -34.869334244700504], [-56.05009343387952, -34.86855810531955], [-56.047538466592, -34.86751026220702], [-56.04657191395304, -34.86765273862494], [-56.045142101397715, -34.86849681441302], [-56.04227001529411, -34.868646439410384], [-56.0415267429151, -34.86904095049726], [-56.04126351256459, -34.87001858796175], [-56.04009689837585, -34.87103047661231], [-56.03921589552521, -34.87154118670584], [-56.037173354472195, -34.8720590645575], [-56.036691965256985, -34.872376935046155], [-56.03638620812532, -34.873019386964174], [-56.035782442876105, -34.87578629368737], [-56.03517565635601, -34.87699568894905], [-56.03507215474376, -34.87759468386541], [-56.034426048844075, -34.87831007780357], [-56.03323028051041, -34.87852944681587], [-56.03180261535711, -34.87834855074389], [-56.03118420808661, -34.87845382217114], [-56.030997183482484, -34.87861338913602], [-56.030980431507956, -34.87916424447873], [-56.03060438703266, -34.879652897831804], [-56.029177008021676, -34.87944654289456], [-56.02650531877887, -34.87834015517688], [-56.02472258020819, -34.878296136270556], [-56.025303405630005, -34.87889995806162], [-56.03176136551689, -34.881341113274495], [-56.04139040220406, -34.88589895895379], [-56.05279958507499, -34.890883843724545], [-56.05638767270666, -34.89286396941169], [-56.05982323504782, -34.89528138038136], [-56.073251176848686, -34.890686958538424], [-56.07596529626894, -34.889633250118585], [-56.078654691472195, -34.88834347330238], [-56.08118101219881, -34.886648732085895], [-56.082218007295, -34.885670516128506], [-56.08261497127466, -34.88511800645331], [-56.08326217528835, -34.88352149442794], [-56.083648535409516, -34.88327647191146], [-56.08983231379287, -34.88342903105019], [-56.095754761239675, -34.884994352506645], [-56.09749937858999, -34.88246337519301], [-56.095579144092845, -34.881595297698404], [-56.091332176193944, -34.875625966424174], [-56.08980388631423, -34.87657342026055], [-56.09057972227828, -34.87777459316804], [-56.089716716526056, -34.8781724669424], [-56.0889785253987, -34.87708333929281], [-56.08599204851872, -34.87895593172361], [-56.08390210750382, -34.87665105336108], [-56.08291337818154, -34.87714835160417], [-56.0822353364434, -34.87611613923481], [-56.07683678871546, -34.87008190173726], [-56.06991823400412, -34.8701238546115], [-56.062915590310105, -34.86793300574032], [-56.06104686575358, -34.867264841072654], [-56.059943987102024, -34.8666838208517], [-56.05908669936347, -34.86775023930572], [-56.058516709737184, -34.868124082986505], [-56.056835478294865, -34.868579309852755], [-56.056458169727534, -34.86867366373877]]]]}}, {"type": "Feature", "properties": {"OBJECTID_1": 51, "OBJECTID": 74, "AREA": 2014289.2830880887, "PERIMETER": 5762.0705773068275, "Codigo": 23, "Shape_Leng": 2014287.7971266652, "Shape_Length": 6823.816667607384, "Shape_Area": 2655039.3201599345, "color": "#85d742"}, "geometry": {"type": "MultiPolygon", "coordinates": [[[[-56.14475607104697, -34.89321041347338], [-56.14424595546888, -34.89400041059261], [-56.142344484357224, -34.89310729961265], [-56.14206156763905, -34.893524619521514], [-56.141628896955474, -34.895100760601444], [-56.14211788066986, -34.89522951101897], [-56.140802867083515, -34.898160222284886], [-56.13845802504402, -34.901230173280624], [-56.14491996862122, -34.90276981316762], [-56.14990749537554, -34.90304559805425], [-56.159045700963, -34.90311965079521], [-56.160385637255665, -34.90300886282382], [-56.1641570499892, -34.90226290577586], [-56.1649562377249, -34.89495471165647], [-56.162490321336314, -34.893924960245826], [-56.1591574695095, -34.892175975376546], [-56.15069229343782, -34.89010298963399], [-56.14762628689867, -34.88877465691624], [-56.14528718376129, -34.89242516318785], [-56.14475607104697, -34.89321041347338]]]]}}, {"type": "Feature", "properties": {"OBJECTID_1": 53, "OBJECTID": 88, "AREA": 1648057.31028119, "PERIMETER": 7259.483248513156, "Codigo": 88, "Shape_Leng": 1648082.1271557407, "Shape_Length": 6306.956787053508, "Shape_Area": 1875207.139369056, "color": "#87e64c"}, "geometry": {"type": "MultiPolygon", "coordinates": [[[[-56.173413393709886, -34.90222458187809], [-56.169119538892105, -34.902200301711304], [-56.16513453998136, -34.90198202793408], [-56.164161319522414, -34.902222636133054], [-56.16320496730788, -34.91100476633231], [-56.1646908365055, -34.910504102417825], [-56.16566071797615, -34.91060438115087], [-56.16560312451347, -34.9111138277781], [-56.16465657820119, -34.91090052364839], [-56.163820377218016, -34.91131201227041], [-56.16357966844745, -34.91191309326711], [-56.163801655165344, -34.9124810198311], [-56.16308370643237, -34.91291138190306], [-56.162996146390306, -34.91363591791371], [-56.163335019553344, -34.913914754217416], [-56.16358552192828, -34.91361666910022], [-56.16581199418181, -34.913610738567876], [-56.16574843041908, -34.91438985678885], [-56.166359378040156, -34.914502093133734], [-56.16738107431991, -34.91526322919097], [-56.169509817365004, -34.91540735412491], [-56.1694114881695, -34.91552390616783], [-56.17056799836026, -34.91579403133671], [-56.17149374289367, -34.914749112255194], [-56.17172415688405, -34.91469657953143], [-56.17209992977849, -34.91468110573567], [-56.17226719205297, -34.914853572744505], [-56.171950048004604, -34.91516250688967], [-56.1723885163611, -34.91489948529516], [-56.17254023088752, -34.915121440864596], [-56.17300381356852, -34.91521927769472], [-56.173530726424595, -34.915074077977565], [-56.1739174007744, -34.91458526748826], [-56.177835908624935, -34.91465204546979], [-56.178608794848095, -34.9063918620577], [-56.178356548127425, -34.90542321464667], [-56.179567002888604, -34.90329330181611], [-56.17505515095823, -34.90152358009648], [-56.17389208528453, -34.90221629893963], [-56.173413393709886, -34.90222458187809]]]]}}, {"type": "Feature", "properties": {"OBJECTID_1": 56, "OBJECTID": 30, "AREA": 3180943.4596372936, "PERIMETER": 7793.112934235101, "Codigo": 32, "Shape_Leng": 3181116.459633006, "Shape_Length": 6819.693873369669, "Shape_Area": 2011301.257348507, "color": "#95d775"}, "geometry": {"type": "MultiPolygon", "coordinates": [[[[-56.192510247419534, -34.843441484852676], [-56.191576663065845, -34.842397817905116], [-56.19156771400325, -34.842154321216555], [-56.19057080317074, -34.84114862784935], [-56.19478147620798, -34.83864660865547], [-56.18978290501722, -34.83363050283079], [-56.18731682212627, -34.83503265169073], [-56.18206211227722, -34.83680905659398], [-56.17041622845824, -34.835691042277794], [-56.17005257855934, -34.838217112121114], [-56.17392360073941, -34.844550666717566], [-56.17600662995302, -34.84697523541593], [-56.17605067862427, -34.84770646336675], [-56.17665951418232, -34.848126271493044], [-56.181774609123266, -34.84515524246138], [-56.18532011531178, -34.84288067936711], [-56.18686247100533, -34.84452637439275], [-56.18873266641844, -34.845940611833385], [-56.19250226813351, -34.84344633642144], [-56.192510247419534, -34.843441484852676]]]]}}, {"type": "Feature", "properties": {"OBJECTID_1": 57, "OBJECTID": 31, "AREA": 2755955.5118753375, "PERIMETER": 7502.675856396703, "Codigo": 31, "Shape_Leng": 2755912.9128851686, "Shape_Length": 7516.868926534128, "Shape_Area": 2496682.235280287, "color": "#9de481"}, "geometry": {"type": "MultiPolygon", "coordinates": [[[[-56.18449420375393, -34.850959524036234], [-56.18578640587119, -34.85420165032168], [-56.186463553578115, -34.85411716101507], [-56.18819359252139, -34.85673899109696], [-56.19001690108247, -34.85912934014649], [-56.18969095343941, -34.859287611411695], [-56.19118136767797, -34.86162480761403], [-56.19385210310688, -34.86047003700637], [-56.19312726435699, -34.859370348182026], [-56.19337422807342, -34.85926589127722], [-56.19302923690558, -34.85906104234011], [-56.19246209825733, -34.858324108373424], [-56.19502361871948, -34.85772532137696], [-56.19647804957579, -34.857979088345544], [-56.19659020968228, -34.85764414887454], [-56.20294580698277, -34.85687874361956], [-56.20312461957867, -34.85641552194677], [-56.20376451889691, -34.855923759022396], [-56.20849912775368, -34.8531961115155], [-56.206852603691054, -34.85195376111941], [-56.20158298783593, -34.850242034807934], [-56.20402745262408, -34.84875525418133], [-56.203981977544544, -34.84861354898864], [-56.20300473214631, -34.84823307457254], [-56.20348603761694, -34.84729404843539], [-56.201513119967096, -34.84648933873362], [-56.202314734892624, -34.846013467390655], [-56.19721460334151, -34.84101648073534], [-56.19153846853404, -34.84454046391412], [-56.188012619394975, -34.84808946256966], [-56.184562750810855, -34.850904117603804], [-56.18449420375393, -34.850959524036234]]]]}}, {"type": "Feature", "properties": {"OBJECTID_1": 59, "OBJECTID": 88, "AREA": 3808616.6562483856, "PERIMETER": 9704.066732093042, "Codigo": 70, "Shape_Leng": 3809074.6599296154, "Shape_Length": 10912.38435181179, "Shape_Area": 4038667.8581988006, "color": "#5be236"}, "geometry": {"type": "MultiPolygon", "coordinates": [[[[-56.12537415458276, -34.83499206396828], [-56.12427517203735, -34.83495352531781], [-56.123556597557524, -34.834709159382406], [-56.12438253613093, -34.83792741816196], [-56.12223066545318, -34.84039868356064], [-56.12410356056939, -34.84152071516053], [-56.12460757128204, -34.84200332678937], [-56.12553197687182, -34.84511012990868], [-56.12722537394773, -34.84976712554458], [-56.13351648503774, -34.85759900499364], [-56.13384562942067, -34.86179645281941], [-56.14181174280277, -34.85788805860948], [-56.14298873163745, -34.85945800733077], [-56.143525357964016, -34.85894180640779], [-56.14366982616244, -34.85857769262446], [-56.14408301530624, -34.85653851636381], [-56.14443842571358, -34.85340413924317], [-56.142447575447285, -34.8525633329319], [-56.14335546584152, -34.85203771019844], [-56.13799159014468, -34.84579590085339], [-56.142322399885444, -34.84268499921792], [-56.14001543237812, -34.84088727933993], [-56.14233687390559, -34.84267809031296], [-56.14613816421767, -34.84006406962621], [-56.14977156405443, -34.83943447355933], [-56.14726666219399, -34.836406236952264], [-56.139034002338164, -34.83558671812742], [-56.13222116481355, -34.834432549218405], [-56.13131642059362, -34.833579516233094], [-56.130318183503775, -34.832988400821094], [-56.12594240154233, -34.834851057051395], [-56.12537415458276, -34.83499206396828]]]]}}, {"type": "Feature", "properties": {"OBJECTID_1": 60, "OBJECTID": 12, "AREA": 9785950.793712502, "PERIMETER": 15069.32634410816, "Codigo": 95, "Shape_Leng": 9594185.296842718, "Shape_Length": 15145.521006278876, "Shape_Area": 9162030.820141375, "color": "#74d161"}, "geometry": {"type": "MultiPolygon", "coordinates": [[[[-56.10821408331397, -34.81924773059692], [-56.105856252531325, -34.82271823737143], [-56.10349031824953, -34.82556011495576], [-56.101749746836376, -34.82439741155815], [-56.100464638637426, -34.82592883512232], [-56.07966835518287, -34.84013513014274], [-56.076877641822016, -34.84335066991793], [-56.07628949218855, -34.84445391410181], [-56.07606309558914, -34.84679443608058], [-56.09224015272582, -34.84695995905863], [-56.10508809029691, -34.84365855604172], [-56.10477495704534, -34.84298363674555], [-56.11875911695438, -34.83865665843342], [-56.11939731162403, -34.84139632413806], [-56.12005647231459, -34.8428860389711], [-56.12220909958931, -34.8422303280138], [-56.12378561497631, -34.84197487856249], [-56.12414408021048, -34.84154853858974], [-56.12223066545318, -34.84039868356064], [-56.12438253613093, -34.83792741816196], [-56.123277098118265, -34.833685825753115], [-56.12350484640415, -34.83047527164853], [-56.126281827342034, -34.82559635863328], [-56.1264927487201, -34.82449872513998], [-56.126056949889616, -34.824284980144036], [-56.126610544632484, -34.82400867613332], [-56.12690585280508, -34.82277414828083], [-56.12801897894056, -34.81999573349456], [-56.12895255023002, -34.81997171047994], [-56.12888297026367, -34.81819482693961], [-56.11495147578797, -34.811334794400615], [-56.112318379300504, -34.81371792153239], [-56.11021767905747, -34.81649155009035], [-56.10821408331397, -34.81924773059692]]]]}}, {"type": "Feature", "properties": {"OBJECTID_1": 61, "OBJECTID": 7, "AREA": 3857750.8475732114, "PERIMETER": 10786.732963368706, "Codigo": 63, "Shape_Leng": 3857850.538005981, "Shape_Length": 8597.623154884339, "Shape_Area": 3190647.502560601, "color": "#79e06c"}, "geometry": {"type": "MultiPolygon", "coordinates": [[[[-56.24568373401644, -34.818511406232155], [-56.24126951868366, -34.81247653298343], [-56.23830174214571, -34.807668099917265], [-56.23809764531816, -34.80656408296686], [-56.23864060549861, -34.80325406186042], [-56.23713395639041, -34.80357451551009], [-56.23737365946106, -34.80443402308482], [-56.23560118273346, -34.804623089726334], [-56.235246780690396, -34.804433445280544], [-56.23496519981713, -34.80402279175487], [-56.2220286943515, -34.806656728972555], [-56.22186128891344, -34.80658003658088], [-56.220727132448054, -34.812408051063606], [-56.21986437810148, -34.82376502840392], [-56.226528130297005, -34.819769144302704], [-56.22916385667468, -34.82212582673016], [-56.235219511000054, -34.818544319117436], [-56.23782961314581, -34.81724024324244], [-56.24249157146201, -34.820964311939576], [-56.24567973026026, -34.8185144834085], [-56.24568373401644, -34.818511406232155]]]]}}, {"type": "Feature", "properties": {"OBJECTID_1": 62, "OBJECTID": 7, "AREA": 3679261.931342623, "PERIMETER": 9134.50696966967, "Codigo": 62, "Shape_Leng": 3680108.620868599, "Shape_Length": 8556.67072008657, "Shape_Area": 3703498.2410929934, "color": "#7fec79"}, "geometry": {"type": "MultiPolygon", "coordinates": [[[[-56.22349843566863, -34.80314491219917], [-56.22190641028673, -34.80661435240018], [-56.23496519981713, -34.80402279175487], [-56.235246780690396, -34.804433445280544], [-56.23560118273346, -34.804623089726334], [-56.23737365946106, -34.80443402308482], [-56.23713395639041, -34.80357451551009], [-56.23864060549861, -34.80325406186042], [-56.23935710955277, -34.802220387132955], [-56.239461418221246, -34.80116088727567], [-56.240308882355436, -34.797943317417776], [-56.240674035223634, -34.79760992655051], [-56.23877690104396, -34.79608226840785], [-56.23997596813883, -34.794698914482055], [-56.24271619232639, -34.79215753586906], [-56.240711101025106, -34.78950124664348], [-56.23522425221003, -34.78051498698462], [-56.23362822148757, -34.7787525093276], [-56.23096520943776, -34.77987103158596], [-56.22957462585695, -34.78063031518634], [-56.22949400854355, -34.780926614394204], [-56.229839685693555, -34.78137846217969], [-56.22406746158895, -34.78448030235685], [-56.224054175453034, -34.78723602015651], [-56.22460443274267, -34.797457689241284], [-56.22409487869631, -34.80090628256102], [-56.22359213853427, -34.802969167642104], [-56.22349843566863, -34.80314491219917]]]]}}, {"type": "Feature", "properties": {"OBJECTID_1": 64, "OBJECTID": 62, "AREA": 4968863.411718706, "PERIMETER": 13351.113851800568, "Codigo": 17, "Shape_Leng": 4969732.700581679, "Shape_Length": 13351.73895103069, "Shape_Area": 4969732.700581599, "color": "#4dcb4d"}, "geometry": {"type": "MultiPolygon", "coordinates": [[[[-56.05983045495175, -34.895279365884534], [-56.0618964762807, -34.89711532409373], [-56.06269667064909, -34.89796911185786], [-56.06290268019379, -34.89856132519084], [-56.06328595323762, -34.89866346854981], [-56.063307538202196, -34.89887102986883], [-56.06358766579481, -34.89890023994357], [-56.06372739586033, -34.89918535734198], [-56.06443912229423, -34.899217889453816], [-56.06461205263904, -34.89965204475017], [-56.06482539970352, -34.89947785163906], [-56.06509385942503, -34.899691820526634], [-56.06598909524303, -34.89952737722161], [-56.06599068812981, -34.89987004205694], [-56.06608566083788, -34.899577713723794], [-56.06646686995883, -34.899621219613074], [-56.06633793313234, -34.899832132784915], [-56.06668420598078, -34.89957780287229], [-56.067019893782316, -34.89959390593589], [-56.06732582652276, -34.89982168334855], [-56.0678616279394, -34.89974463922431], [-56.068412546749265, -34.89929800438523], [-56.069435045255176, -34.89913000237856], [-56.06963347631859, -34.89918562454457], [-56.06971627625471, -34.8995469454225], [-56.07000091510336, -34.8996618384593], [-56.07132436791339, -34.89973958684676], [-56.07086924829051, -34.90012384711171], [-56.07135841545172, -34.89975337276275], [-56.07167723099603, -34.89993164326774], [-56.07155276219325, -34.90035449986997], [-56.071723008084554, -34.899936501493734], [-56.072074431722534, -34.89983097888352], [-56.07207324401476, -34.89951085996143], [-56.07232880499288, -34.89941362184986], [-56.07289907811623, -34.89961635113128], [-56.07237880277824, -34.89937705646019], [-56.07260096001783, -34.898752936039834], [-56.07297426460178, -34.89840411381354], [-56.0743060515082, -34.897981439505436], [-56.07571988801832, -34.89786595872758], [-56.07722569645606, -34.89808930424103], [-56.078637451403544, -34.89865006270386], [-56.08018276809666, -34.899626606309226], [-56.08078121554889, -34.90043366344184], [-56.08139864444923, -34.900212901912425], [-56.08181080952383, -34.90036479994972], [-56.08195135441414, -34.90009083743555], [-56.08205403183753, -34.90033056841905], [-56.082304796082745, -34.900233273035745], [-56.08219369725239, -34.90044133619706], [-56.08233560416057, -34.90047696970119], [-56.08273897480973, -34.89929415609745], [-56.0827593665632, -34.898663205017975], [-56.083083651770856, -34.89804346571047], [-56.083643838587015, -34.897308280692336], [-56.08366705982609, -34.897434696457125], [-56.083818874278066, -34.89734609008229], [-56.08389264077943, -34.89683224498693], [-56.084382549123234, -34.89669617001972], [-56.08480699295841, -34.8963567132708], [-56.08496682599596, -34.89643907140231], [-56.08501679837621, -34.89628076840854], [-56.084842134373325, -34.896117143918666], [-56.084968587793995, -34.89584845836239], [-56.085740163060365, -34.89560178300288], [-56.086191833828934, -34.89576748911781], [-56.086341597547275, -34.89607970826924], [-56.08667288179743, -34.8958748025317], [-56.08691697897792, -34.89600738584771], [-56.08707300223237, -34.89587780846272], [-56.08745288233588, -34.89616470284916], [-56.08845424331083, -34.89579800301496], [-56.088746357204165, -34.895980537368274], [-56.088857465498705, -34.8963646012642], [-56.088814256119264, -34.89602613239349], [-56.0892262051744, -34.89576321252818], [-56.090730342928346, -34.895517483776544], [-56.09249179801314, -34.895819198574415], [-56.09463028032054, -34.89648438504135], [-56.0957543167149, -34.897092396615776], [-56.095817352415686, -34.89739494187092], [-56.09603897729099, -34.89727034951308], [-56.09616359490599, -34.89738399130817], [-56.096266214116696, -34.89719539309138], [-56.09650002193518, -34.89733238937847], [-56.09662379430083, -34.89714845669308], [-56.09682848062505, -34.89732130472136], [-56.097464368129586, -34.89703296904174], [-56.098776014362436, -34.897376338240484], [-56.09960619125329, -34.897774739433686], [-56.09997409864817, -34.898160695571526], [-56.10010162484638, -34.898728845489565], [-56.099994608755246, -34.89900758643911], [-56.09966731844813, -34.89897811715037], [-56.0998675544574, -34.89933665177239], [-56.10020911518164, -34.899316637868495], [-56.10039260197231, -34.89961556384386], [-56.10071236604217, -34.899712610853406], [-56.10164709769866, -34.899809695429184], [-56.101754975439796, -34.89974201609199], [-56.10166318974749, -34.899462651982], [-56.10185224596899, -34.899387044056816], [-56.10163788587567, -34.89943002645962], [-56.10134602887057, -34.89915735272253], [-56.101437521579825, -34.89851417722213], [-56.101966810739434, -34.89796353084552], [-56.102802904337224, -34.89750531925285], [-56.104883293550365, -34.89710586641697], [-56.10803529217613, -34.89702439631018], [-56.10787389412228, -34.894543650563676], [-56.11021348772734, -34.88696548561798], [-56.10522022457987, -34.88593697419103], [-56.10044218398996, -34.88587898284], [-56.09892911163234, -34.885685345701155], [-56.08983231379287, -34.88342903105019], [-56.083648535409516, -34.88327647191146], [-56.08326217528835, -34.88352149442794], [-56.08261497127466, -34.88511800645331], [-56.082218007295, -34.885670516128506], [-56.08118101219881, -34.886648732085895], [-56.078654691472195, -34.88834347330238], [-56.07596529626894, -34.889633250118585], [-56.073251176848686, -34.890686958538424], [-56.06017433856033, -34.89518342795315], [-56.05983045495175, -34.895279365884534]]]]}}, {"type": "Feature", "properties": {"OBJECTID_1": 65, "OBJECTID": 13, "AREA": 44653758.13275619, "PERIMETER": 35606.79950453697, "Codigo": 50, "Shape_Leng": 57920581.469993845, "Shape_Length": 51646.317284469704, "Shape_Area": 47768413.20816389, "color": "#57db5d"}, "geometry": {"type": "MultiPolygon", "coordinates": [[[[-56.14152621212995, -34.71400065925974], [-56.14053042844887, -34.71419653246321], [-56.13872594961026, -34.71405303551688], [-56.137956466254685, -34.714737432427974], [-56.13707364438621, -34.71614693044847], [-56.132908065234915, -34.71627966900956], [-56.13261631169878, -34.716047645984446], [-56.13218114006241, -34.71621587936795], [-56.131750279389465, -34.715906214588024], [-56.13109710921444, -34.71609994275868], [-56.1299839876368, -34.71615512118838], [-56.12951256474393, -34.71639522605615], [-56.1281678365438, -34.71647127648544], [-56.12718085918431, -34.717122486340436], [-56.12561444989201, -34.71770189945332], [-56.12528021315728, -34.71819997067987], [-56.12439944044467, -34.71874371015994], [-56.1244538195309, -34.71954214849801], [-56.12388167002559, -34.72007457543866], [-56.12417546248837, -34.721406766769974], [-56.12438573037225, -34.72140376956155], [-56.124560916075275, -34.72200919994146], [-56.12454160967993, -34.722545601345864], [-56.1239975024183, -34.7230060901022], [-56.12390315651865, -34.72334356710359], [-56.124366903748566, -34.72480773299247], [-56.123829670238045, -34.72532688371521], [-56.1237569746808, -34.725876426854505], [-56.12307145288493, -34.72634491116775], [-56.12272087749449, -34.72722159053093], [-56.12301710226272, -34.7277422282454], [-56.12303472291153, -34.72820675491085], [-56.12347236136419, -34.728782514334064], [-56.12406701356121, -34.73013490382466], [-56.12426753892645, -34.73033133312551], [-56.1247180976626, -34.73041010824475], [-56.125202539368814, -34.73088700557916], [-56.125475601191155, -34.731470593156686], [-56.126110967124426, -34.732137937229425], [-56.12613693551087, -34.732913625786885], [-56.12680380494914, -34.73337829922399], [-56.12676460583181, -34.73437895698877], [-56.12700783317429, -34.73507504539166], [-56.126799007977155, -34.73545679070633], [-56.126861921385675, -34.73648523258428], [-56.12647181771038, -34.73677099417361], [-56.1262954103277, -34.73731528527053], [-56.12560486207753, -34.73754027487624], [-56.12536744692431, -34.73791279476785], [-56.124482822416404, -34.73815441898427], [-56.12407379680897, -34.738678999290514], [-56.12359006551994, -34.73864846700508], [-56.12274823487975, -34.738069797881465], [-56.12218407828264, -34.738155907665394], [-56.12142219890418, -34.739764538511324], [-56.1208715148432, -34.74018889375141], [-56.12030587417537, -34.74092874918472], [-56.12001497631807, -34.74151278192513], [-56.1202756640738, -34.74216843033791], [-56.119979012936724, -34.74277947362518], [-56.11993373693324, -34.743829679043294], [-56.11997631000655, -34.74406444028706], [-56.120624157652415, -34.74471837607423], [-56.12069867174246, -34.745160768927285], [-56.12040225147568, -34.74574927094955], [-56.12009291799051, -34.74594542008389], [-56.12019133808937, -34.746901980094606], [-56.119688409360656, -34.747646793229286], [-56.11963510675518, -34.74835878566889], [-56.11938737885398, -34.74866809617355], [-56.11873919088709, -34.74862282871202], [-56.11768398344387, -34.74884062390244], [-56.116681907612666, -34.74836445269287], [-56.1154755298238, -34.74835118750668], [-56.11353436333059, -34.74943269067698], [-56.112976618008105, -34.74999672751226], [-56.11274419396442, -34.75046844941036], [-56.112285505609194, -34.750771699131754], [-56.11192748422952, -34.75072851024697], [-56.11148154497015, -34.75035103396692], [-56.11070835411543, -34.7503093202678], [-56.11042281771134, -34.7503838828705], [-56.10952723294779, -34.75112127497947], [-56.10909368057437, -34.751244347804395], [-56.10663320825825, -34.75139314417813], [-56.106159733482265, -34.750974868187406], [-56.10595677586859, -34.750292562723644], [-56.10496436312987, -34.74993810175137], [-56.10405302076899, -34.75004411785169], [-56.10342180903957, -34.75051288682967], [-56.102823849817845, -34.75055807862576], [-56.1026953432712, -34.75088626766397], [-56.101363874108316, -34.75189090894987], [-56.10102515048032, -34.75271350253485], [-56.099702663798034, -34.753452177539145], [-56.09966558814912, -34.75372242585731], [-56.09995321563452, -34.754463980142454], [-56.09972606956765, -34.75494473258321], [-56.09990674700934, -34.75559983067707], [-56.09971682105162, -34.75579680965505], [-56.097638121745476, -34.75699426439361], [-56.09532701264286, -34.75701769371024], [-56.09426996465632, -34.75788903245214], [-56.09405600935687, -34.758221084678304], [-56.094049607143404, -34.75880716821677], [-56.09321670689025, -34.75953588642792], [-56.09310984356822, -34.75994087353834], [-56.09368635657669, -34.761302284773635], [-56.09436492274586, -34.76176271250906], [-56.09558375684017, -34.762028768098574], [-56.09576318598956, -34.762232992263286], [-56.09451455637627, -34.7633193264323], [-56.094725630969485, -34.76412795293316], [-56.094875360122096, -34.764300396640266], [-56.09546736883119, -34.76430930498358], [-56.09574972669879, -34.76559638113978], [-56.09615562839195, -34.76595107350065], [-56.0967455419298, -34.766090712382145], [-56.097075844924504, -34.76642680602214], [-56.097151053920776, -34.76792425098285], [-56.098860748259455, -34.768405822174095], [-56.099733878776725, -34.76907055146559], [-56.099804444880405, -34.7695535037362], [-56.098911055799604, -34.7700608858538], [-56.09844199907253, -34.77061198264972], [-56.09848373523028, -34.77098200465767], [-56.099024841594435, -34.77146844072162], [-56.09904487963152, -34.77169853241371], [-56.09895184299646, -34.77190073507411], [-56.097698685221225, -34.77270301824054], [-56.09770664326741, -34.77335232893373], [-56.097953902816954, -34.77366526107323], [-56.097508780219975, -34.77408577902969], [-56.09753136701563, -34.77552421892515], [-56.09722037220233, -34.77617116438124], [-56.09568986895766, -34.7766557603048], [-56.09516823600969, -34.77644899316376], [-56.094795933740606, -34.77576541327423], [-56.09431883628117, -34.77567169090581], [-56.09393639173493, -34.77591682286947], [-56.09335810193957, -34.77676916803819], [-56.09270024767634, -34.77864889778653], [-56.09225403446208, -34.77916407002715], [-56.09058353173908, -34.779949638596634], [-56.08925166050247, -34.78025078017336], [-56.08913961349565, -34.779919870993034], [-56.088632216571746, -34.77938344976956], [-56.08792520831942, -34.779112501874444], [-56.08814329847865, -34.77975043635696], [-56.088545388853724, -34.78016478934684], [-56.09125528374704, -34.78139364064621], [-56.10078302512736, -34.786426773475675], [-56.10637210334122, -34.78917862782351], [-56.10717005421481, -34.78947463210919], [-56.108712485334124, -34.78944694939725], [-56.10926649037703, -34.78960574132224], [-56.11781965470358, -34.79393921809149], [-56.12067044656872, -34.794322558856585], [-56.15262220437262, -34.79707376712472], [-56.1615163470344, -34.80592925170418], [-56.160616798671995, -34.8083788095825], [-56.18444091655005, -34.81133837593955], [-56.190242934419665, -34.80902380124837], [-56.18666936446655, -34.8037692579234], [-56.18674436146598, -34.80361940458233], [-56.190341469576914, -34.80203375153065], [-56.19301586628512, -34.79975376774901], [-56.19519091834686, -34.7964935350723], [-56.19709764451473, -34.791437262096466], [-56.189380146062824, -34.79249024749685], [-56.188719941399924, -34.79279155934837], [-56.18676964949949, -34.792487550259544], [-56.18880674465198, -34.786452098398435], [-56.188101834806496, -34.779298522782064], [-56.18829223029075, -34.77581313461436], [-56.187843089405014, -34.76914607973059], [-56.18748050632096, -34.766680069568615], [-56.18340238223267, -34.7661733744341], [-56.179349487678, -34.76522841109966], [-56.165738332306006, -34.76279049640022], [-56.16490832152835, -34.742551191380855], [-56.16504988185125, -34.74045714808627], [-56.16582932474453, -34.73581197060972], [-56.166358900812945, -34.733833942596384], [-56.167085274411136, -34.73273941885206], [-56.1671339011623, -34.732361392308434], [-56.167004133300324, -34.73093262477233], [-56.1659000982741, -34.72860327759326], [-56.16554682054328, -34.72818852979484], [-56.1621819142889, -34.722056474131335], [-56.16123744418269, -34.720967468412674], [-56.159783016939706, -34.72036726576996], [-56.15431562821992, -34.719729598565024], [-56.14860112932518, -34.71620772151008], [-56.14815535480065, -34.71896063905254], [-56.145617914269394, -34.71686383349426], [-56.144620556252434, -34.71584548454813], [-56.142475074649354, -34.71418334620472], [-56.14166621285114, -34.713992628164085], [-56.14152621212995, -34.71400065925974]], [[-56.11011572662427, -34.75922212762449], [-56.10989650665617, -34.75522300452545], [-56.11013883085402, -34.754998166042526], [-56.13331427282566, -34.760373944717124], [-56.13634658912913, -34.7607739050695], [-56.14265735989731, -34.761110382235515], [-56.1424997709963, -34.76303718380114], [-56.144972886379506, -34.76535217177073], [-56.14390434097609, -34.77628412437845], [-56.14218085387436, -34.78685688687031], [-56.13382425166531, -34.7856217147699], [-56.117172195222516, -34.78169350533675], [-56.1081693216302, -34.780176985604456], [-56.10861411255168, -34.777558232089035], [-56.109350263024155, -34.774902348612244], [-56.10844844254189, -34.76867081253637], [-56.10904363525671, -34.76666100122401], [-56.10990725279707, -34.765369896492764], [-56.11009170413124, -34.76026529039717], [-56.11011572662427, -34.75922212762449]]]]}}, {"type": "Feature", "properties": {"OBJECTID_1": 66, "OBJECTID": 7, "AREA": 3569629.4308090718, "PERIMETER": 10213.13753026029, "Codigo": 61, "Shape_Leng": 3570046.6285381443, "Shape_Length": 10499.162622626442, "Shape_Area": 3609064.8820340834, "color": "#63e972"}, "geometry": {"type": "MultiPolygon", "coordinates": [[[[-56.24487619323542, -34.81737631917901], [-56.24568373401644, -34.818511406232155], [-56.24249157146201, -34.820964311939576], [-56.23782961314581, -34.81724024324244], [-56.235219511000054, -34.818544319117436], [-56.22916385667468, -34.82212582673016], [-56.226528130297005, -34.819769144302704], [-56.21986560060141, -34.8237643355902], [-56.21981437831636, -34.8265056942392], [-56.22145578984764, -34.83353933768751], [-56.22173113109335, -34.838490923868164], [-56.24045827631124, -34.827399900535674], [-56.242388478898874, -34.82710645833907], [-56.24483146443679, -34.82633453712609], [-56.24581515936406, -34.8263183851373], [-56.248915774601215, -34.826744166434736], [-56.24950475808922, -34.82712400382523], [-56.25043174617074, -34.82834608950384], [-56.25019182042777, -34.82756805634894], [-56.25012914644549, -34.82658733586889], [-56.25141400686484, -34.82850924197964], [-56.25109270103525, -34.82727816203601], [-56.25115573526557, -34.825592203251915], [-56.25178830191488, -34.82413655886908], [-56.25261659937732, -34.82314863659348], [-56.252444190437025, -34.8229718780349], [-56.25258239669627, -34.820538753069485], [-56.25235304029067, -34.81954467976953], [-56.25210298165317, -34.81658438387612], [-56.2450186663143, -34.81730738128967], [-56.24487619323542, -34.81737631917901]]]]}}, {"type": "Feature", "properties": {"OBJECTID_1": 67, "OBJECTID": 18, "AREA": 2234331.2615161543, "PERIMETER": 8993.64199684639, "Codigo": 66, "Shape_Leng": 2234335.8748002197, "Shape_Length": 11787.072701301337, "Shape_Area": 5412019.535740639, "color": "#88dd96"}, "geometry": {"type": "MultiPolygon", "coordinates": [[[[-56.18899713567853, -34.81928040864444], [-56.1863730518, -34.82245607715133], [-56.185233679433644, -34.82303478514428], [-56.18503294736462, -34.82559242244748], [-56.18457374256873, -34.826489596476904], [-56.18924539351379, -34.83090584491958], [-56.18784541804378, -34.831729023016116], [-56.1922799779453, -34.83616092977961], [-56.20434367307604, -34.828826186613014], [-56.22011426473572, -34.81968790104506], [-56.22074864736477, -34.81228750049899], [-56.21301434290925, -34.81708393369692], [-56.20796035597577, -34.81994491398971], [-56.201547391019446, -34.81214481104878], [-56.19880735536348, -34.80855592327322], [-56.19664781051555, -34.80609182816167], [-56.19129841210403, -34.808759795862834], [-56.18853951808274, -34.80964336571972], [-56.1854865792469, -34.81095812853039], [-56.18638683453278, -34.81488889918834], [-56.18837176022648, -34.818433435006654], [-56.18899713567853, -34.81928040864444]]]]}}, {"type": "Feature", "properties": {"OBJECTID_1": 70, "OBJECTID": 52, "AREA": 2269390.6804074347, "PERIMETER": 6522.769825027063, "Codigo": 7, "Shape_Leng": 1973575.7669420235, "Shape_Length": 5960.049167220199, "Shape_Area": 1442847.7377712948, "color": "#42d762"}, "geometry": {"type": "MultiPolygon", "coordinates": [[[[-56.196507649001525, -34.871827020501634], [-56.196512835729926, -34.87156246037598], [-56.196507649001525, -34.871827020501634], [-56.20221926806045, -34.87228471316015], [-56.20455824377013, -34.86974792690393], [-56.20205010928701, -34.86879286079445], [-56.20038883528019, -34.86774718957565], [-56.19618846299706, -34.863641941399266], [-56.19658954725261, -34.8609463362277], [-56.19647807005913, -34.85797923185663], [-56.19502361871948, -34.85772532137696], [-56.19246209825733, -34.858324108373424], [-56.19302923690558, -34.85906104234011], [-56.19337422807342, -34.85926589127722], [-56.19312726435699, -34.859370348182026], [-56.19385210310688, -34.86047003700637], [-56.18977982582335, -34.86223076870435], [-56.18686670279257, -34.8629643753898], [-56.18659066613599, -34.86666066321803], [-56.18602000021291, -34.871078775205056], [-56.19541503041665, -34.871742015305294], [-56.196507649001525, -34.871827020501634]], [[-56.19651478430553, -34.87113736777625], [-56.19651517698153, -34.871135804963785], [-56.196512842875386, -34.87114641194654], [-56.19651478430553, -34.87113736777625]], [[-56.196603022866505, -34.86884218309583], [-56.19657876612755, -34.86867118504859], [-56.19657903816549, -34.86867268732935], [-56.196603022866505, -34.86884218309583]], [[-56.19614114741792, -34.86630466236518], [-56.19614079105632, -34.866298897935174], [-56.196182208976985, -34.8665792680516], [-56.19614114741792, -34.86630466236518]]]]}}, {"type": "Feature", "properties": {"OBJECTID_1": 71, "OBJECTID": 7, "AREA": 28626029.24997092, "PERIMETER": 27996.29908852754, "Codigo": 452, "Shape_Leng": 28586009.428299405, "Shape_Length": 18298.09804020165, "Shape_Area": 18766750.54151689, "color": "#4ce678"}, "geometry": {"type": "MultiPolygon", "coordinates": [[[[-56.21400209789669, -34.71915336483943], [-56.20846582010491, -34.72055139752022], [-56.20679530759367, -34.72125939588711], [-56.191826032526826, -34.72940740862403], [-56.19081471657612, -34.72798879703335], [-56.17357224433684, -34.73792471274853], [-56.164977186943425, -34.74143845666147], [-56.16492562591976, -34.74361315044085], [-56.165738332306006, -34.76279049640022], [-56.179349487678, -34.76522841109966], [-56.18340238223267, -34.7661733744341], [-56.18748050632096, -34.766680069568615], [-56.18750574686021, -34.766851743951314], [-56.201035913731126, -34.76028347489154], [-56.21470657819497, -34.75251312636416], [-56.216332958463525, -34.75215231940495], [-56.21576822708332, -34.75121537128056], [-56.21482712198908, -34.750149749151255], [-56.214784746414885, -34.74979328411609], [-56.214452275640554, -34.749281650341565], [-56.214725216305375, -34.74865218459235], [-56.214237555569724, -34.74811644919026], [-56.218030451527, -34.74764169643027], [-56.223823157022885, -34.74732847664358], [-56.223748398637, -34.72170157027224], [-56.221570252713946, -34.72158239070814], [-56.220233300158306, -34.721708519454516], [-56.21841572413813, -34.72141231646602], [-56.21622430343126, -34.72132642399287], [-56.216333930437024, -34.71951629981594], [-56.216220110687566, -34.71926582350533], [-56.215959839499185, -34.719176648248315], [-56.21410693230987, -34.71943637189595], [-56.21400209789669, -34.71915336483943]]]]}}, {"type": "Feature", "properties": {"OBJECTID_1": 73, "OBJECTID": 12, "AREA": 15348087.87530173, "PERIMETER": 20768.064164945048, "Codigo": 72, "Shape_Leng": 15346588.642837698, "Shape_Length": 19062.56797100649, "Shape_Area": 14082729.102233803, "color": "#75d795"}, "geometry": {"type": "MultiPolygon", "coordinates": [[[[-56.04668516401288, -34.807119645931515], [-56.06747196834746, -34.79490369768488], [-56.07079845610039, -34.791565829287535], [-56.08265628209745, -34.77830849041224], [-56.08240903720172, -34.77807901155094], [-56.08281537267858, -34.777081156176834], [-56.082668141509735, -34.77668328267299], [-56.08199217432694, -34.77672327377881], [-56.081812315778144, -34.776496483154936], [-56.08019294551419, -34.7760559332087], [-56.077122607411845, -34.774716160228735], [-56.07637055768061, -34.773984558798084], [-56.076157367503, -34.773563633651925], [-56.07617824165961, -34.77297766330406], [-56.075892500066054, -34.77275456912763], [-56.07586612268514, -34.77211864456408], [-56.07543700957637, -34.77176821775628], [-56.073390684116866, -34.772018671859634], [-56.071914891941184, -34.7726747149204], [-56.07059485955144, -34.772655627007026], [-56.06990683006073, -34.77206875254705], [-56.069840306744226, -34.77142350290543], [-56.07005833952628, -34.77122678661184], [-56.07007854848863, -34.770947402722356], [-56.069768295661916, -34.77071959837522], [-56.069749098050174, -34.77042187868467], [-56.06897408758481, -34.76943306157249], [-56.0694872396355, -34.7688643820844], [-56.06930154054461, -34.76837151616493], [-56.0683559905644, -34.76827861912765], [-56.06764081563553, -34.767984588533366], [-56.06754784550326, -34.76774942500558], [-56.06771544335948, -34.767421574657845], [-56.06642722221949, -34.7659193290706], [-56.06557967192565, -34.76610219178857], [-56.06478007296704, -34.76669570702824], [-56.06464334061887, -34.767131998793154], [-56.064950674663386, -34.76749505414707], [-56.06480995334657, -34.76780056363868], [-56.06387159624937, -34.768099942356436], [-56.06243943570432, -34.76900418376062], [-56.06142962517588, -34.76933906254868], [-56.05970280816832, -34.76954215410907], [-56.05920234765564, -34.76940753605835], [-56.0585521734617, -34.76856389587562], [-56.05859341548877, -34.767518201361625], [-56.05819134015543, -34.76678017695487], [-56.05802555049848, -34.76676536829561], [-56.05772630924398, -34.76611380283762], [-56.05725059396186, -34.7659072295296], [-56.056370205305434, -34.764773239266184], [-56.05646229464248, -34.76460262313039], [-56.056214766078874, -34.76396948936693], [-56.056495920425824, -34.763087967018286], [-56.055368648058646, -34.762587779994476], [-56.0551015236486, -34.762297151623834], [-56.05485452585098, -34.761618932310014], [-56.0549942280914, -34.76092567968951], [-56.05478558471983, -34.76047770060691], [-56.05377973982773, -34.76017231496377], [-56.05289114937337, -34.76036378817505], [-56.05259852306034, -34.760812379705854], [-56.05212768301491, -34.76107923598449], [-56.05143198019066, -34.76088445337429], [-56.051109012393034, -34.76046262951872], [-56.04998173961442, -34.76068378180093], [-56.04862985766766, -34.76119623289872], [-56.04696401580569, -34.76044378177246], [-56.046053574211314, -34.760396073916155], [-56.04572818659681, -34.76083988325082], [-56.04555947428773, -34.761970238867036], [-56.044607461848734, -34.7626841604815], [-56.04216289020534, -34.76325108124635], [-56.04046341278276, -34.763341398958396], [-56.038544442621145, -34.76386730104503], [-56.038142793243864, -34.76452239471314], [-56.03833547462, -34.765633049947915], [-56.038243033339214, -34.76583070125929], [-56.037001350153545, -34.76601475901524], [-56.03711625852163, -34.766705494351704], [-56.03699027437717, -34.767673861776956], [-56.03679859763895, -34.76788876155726], [-56.03533935678075, -34.76845431732717], [-56.034689869707215, -34.76927425532903], [-56.034283278660304, -34.770348601948044], [-56.03402602826615, -34.77056297697216], [-56.03374161352432, -34.77170141211551], [-56.03385308563064, -34.77274379824821], [-56.03313787369147, -34.774216961430845], [-56.032962877180914, -34.77446354784368], [-56.03253403215463, -34.774631469577116], [-56.03156476086808, -34.77469590116496], [-56.03061851788023, -34.77553599800657], [-56.030570632305924, -34.77612625113579], [-56.03118129216007, -34.77659099598393], [-56.03089779294405, -34.776944923478325], [-56.03011541136447, -34.77714609071294], [-56.02947731246883, -34.77698320195169], [-56.029236103417645, -34.77722474618138], [-56.029442758954836, -34.778533904841744], [-56.02902568197407, -34.779094160852324], [-56.02908454087439, -34.77966722974017], [-56.029617814572546, -34.78038384980397], [-56.02920940055472, -34.780903597367605], [-56.02928030964126, -34.781206242795776], [-56.0299722244257, -34.78167615021454], [-56.03114924625557, -34.7821363899383], [-56.032940483768776, -34.78200184843364], [-56.03299143820412, -34.782552309335166], [-56.03264319761135, -34.78283358760418], [-56.03223682533574, -34.7838808740655], [-56.03261710518689, -34.784366323058975], [-56.03385675991879, -34.784380677756914], [-56.035219669562835, -34.78366559453009], [-56.03682542727278, -34.78397588287268], [-56.03719012775753, -34.78439356466641], [-56.03708092290678, -34.78526738016905], [-56.0372430691649, -34.78689177887393], [-56.038796298445284, -34.78814393509796], [-56.038837008538664, -34.788933271161525], [-56.03984246267511, -34.78929739082026], [-56.03997857092216, -34.78957800105738], [-56.04004685779563, -34.79005194836998], [-56.03992901711434, -34.79031702946831], [-56.03963971365287, -34.790463532619064], [-56.03944443803523, -34.79104360791159], [-56.04089215044959, -34.79079803171901], [-56.04156484152852, -34.79087546934752], [-56.04228238462999, -34.79126886202205], [-56.04295416248857, -34.79213529932266], [-56.042966337607005, -34.792500596025725], [-56.042200868123686, -34.79335572713234], [-56.04152294407926, -34.79378772937733], [-56.040935598899004, -34.79483361816157], [-56.04095748112559, -34.795126852916766], [-56.04133931924374, -34.795427432251486], [-56.04146751032701, -34.7957440475177], [-56.041035125241926, -34.796209540882025], [-56.03897892519769, -34.79577852554502], [-56.038627246133544, -34.796352855080706], [-56.03858697154168, -34.796997273690785], [-56.03875807900957, -34.797147410701484], [-56.03910081269028, -34.79728537675763], [-56.040709825726964, -34.79733864824339], [-56.041569714453935, -34.79824715311719], [-56.041727671084544, -34.79876689161992], [-56.04148921261702, -34.80024385025155], [-56.041296582623836, -34.80053539494801], [-56.040354841346904, -34.80102843205319], [-56.04006346610479, -34.80140936890592], [-56.04023055759112, -34.801848025495254], [-56.040815502245955, -34.80237113174468], [-56.0414448950367, -34.802655627108145], [-56.04168876963068, -34.80301373086895], [-56.041573367648446, -34.80371617068453], [-56.04047172663244, -34.8042665610358], [-56.04026158144109, -34.80453542246514], [-56.040210576728555, -34.80492727218344], [-56.04037966914275, -34.80531184045065], [-56.04102979637701, -34.80569569166997], [-56.04176330986208, -34.80578262564206], [-56.04407668846792, -34.80550325020385], [-56.044756757330056, -34.80560327222366], [-56.04533405623175, -34.805905373270235], [-56.046642030683, -34.80708916680904], [-56.04668516401288, -34.807119645931515]]]]}}, {"type": "Feature", "properties": {"OBJECTID_1": 75, "OBJECTID": 47, "AREA": 650348.5568970642, "PERIMETER": 4432.897253313854, "Codigo": 3, "Shape_Leng": 4610268.0788374, "Shape_Length": 9611.855470109433, "Shape_Area": 3018333.3934817915, "color": "#81e4a7"}, "geometry": {"type": "MultiPolygon", "coordinates": [[[[-56.236620368719535, -34.85337339244253], [-56.23954225883018, -34.85577333504611], [-56.231526677594104, -34.86240393220648], [-56.24180130912038, -34.87082485704267], [-56.247335548640024, -34.866178733620806], [-56.2472238560133, -34.86603900429776], [-56.248157752071826, -34.86538391363568], [-56.247986794638834, -34.865224227402884], [-56.24706727645487, -34.86588131387645], [-56.246759527984786, -34.86558634339643], [-56.24728327227503, -34.86476449726228], [-56.24698076531201, -34.86441996421617], [-56.246120336420226, -34.864071972743545], [-56.24560605319764, -34.86348265413298], [-56.24558769216436, -34.863243535688035], [-56.24756387259285, -34.86224367344456], [-56.248304606000055, -34.862768898903184], [-56.24784111558979, -34.86339149055392], [-56.24777661682532, -34.863834192658125], [-56.24784948727489, -34.864091638531114], [-56.24824704951407, -34.86436010947942], [-56.24922702943455, -34.86419483391177], [-56.25210931417762, -34.863124470499294], [-56.25137251154816, -34.86035480452292], [-56.24988740677461, -34.86059610692403], [-56.24974860430387, -34.85993684310163], [-56.24943743616683, -34.85971388532447], [-56.24930393081699, -34.8590869376536], [-56.24945376651121, -34.858072335841], [-56.25049272084239, -34.858228688284605], [-56.25085465461825, -34.85631244738369], [-56.2549596058546, -34.85683686334344], [-56.254893017300276, -34.85452553197947], [-56.254789016194366, -34.85452689028923], [-56.25362965855906, -34.85007689455581], [-56.253021447245594, -34.847135395786786], [-56.25274561475988, -34.84461303718168], [-56.23964738510612, -34.85190092613725], [-56.236620368719535, -34.85337339244253]]]]}}, {"type": "Feature", "properties": {"OBJECTID_1": 76, "OBJECTID": 56, "AREA": 1797704.2228150424, "PERIMETER": 9639.350409127639, "Codigo": 14, "Shape_Leng": 1797608.6697254016, "Shape_Length": 8097.020922523551, "Shape_Area": 1221638.1916527527, "color": "#36e284"}, "geometry": {"type": "MultiPolygon", "coordinates": [[[[-56.193649742926944, -34.89521342418862], [-56.19364717552345, -34.89523961499765], [-56.19364924343907, -34.895221531022386], [-56.193649742926944, -34.89521342418862]]], [[[-56.187158639841876, -34.8849319724089], [-56.188808350987216, -34.88833268239313], [-56.18716474307314, -34.890145508757094], [-56.18784062456066, -34.890094595300965], [-56.188671190370485, -34.89175961948668], [-56.188606198761725, -34.89198122826259], [-56.18797634854992, -34.89221391543528], [-56.187965627965326, -34.89276364397077], [-56.18940252381154, -34.89575269507142], [-56.19046629864964, -34.89542478983607], [-56.19064350963869, -34.89588391809854], [-56.19355136258782, -34.896095373501346], [-56.193653004426544, -34.89518015490548], [-56.19793916487943, -34.89545557066553], [-56.19844995689757, -34.89453553622217], [-56.197867480716745, -34.89429273557156], [-56.19813258706455, -34.89383009424004], [-56.19858956519776, -34.893989067495646], [-56.19866184818628, -34.89384711050802], [-56.19766380428522, -34.89350237832269], [-56.197714110086174, -34.893182596494185], [-56.198636547175994, -34.89363503733769], [-56.198734518857066, -34.893477880577905], [-56.19774166129476, -34.89309260541179], [-56.19781389708176, -34.892768459606884], [-56.200806021472026, -34.89379810609792], [-56.19913236177894, -34.89315137126773], [-56.199064041461355, -34.89300213576747], [-56.19927275360534, -34.89292235518154], [-56.20102349439717, -34.89351999964346], [-56.19899847345093, -34.89278078001223], [-56.1988361668997, -34.89294202164233], [-56.197618687288326, -34.89251468696834], [-56.197696977050505, -34.8920406199589], [-56.19801735513981, -34.891731637476525], [-56.19940207259442, -34.89226376863412], [-56.199471641791256, -34.8925663061984], [-56.199589723430236, -34.89231009089394], [-56.20173418420122, -34.893004998650866], [-56.201774769878845, -34.89291058357156], [-56.200676909294096, -34.892560711899684], [-56.20079207672673, -34.892322510829224], [-56.200538242964754, -34.89190604601199], [-56.200562270342495, -34.89147337379041], [-56.199926540495206, -34.89065763436778], [-56.198660583372046, -34.89036525055027], [-56.1982314323593, -34.89081779419481], [-56.19792418311022, -34.89076166346551], [-56.198353193792485, -34.890182877825325], [-56.198327367744994, -34.88910964903703], [-56.19908677257821, -34.8893716478911], [-56.19921559077089, -34.88906590838563], [-56.19814217779691, -34.88881085672279], [-56.19825105960772, -34.887670886446266], [-56.19847387043441, -34.88719443879618], [-56.19910812181334, -34.8871715671921], [-56.19840357522262, -34.88710831091545], [-56.19840021779506, -34.88646806031462], [-56.19870599037812, -34.88618152251637], [-56.19838223565014, -34.88585476512174], [-56.198488307761714, -34.885003329274944], [-56.20011691266628, -34.88505914266239], [-56.19850258455064, -34.88489587490886], [-56.19599658825766, -34.88510193514168], [-56.19325101215256, -34.88491183257608], [-56.1872892022546, -34.882168797204116], [-56.18642526991181, -34.88210803294839], [-56.18697745906778, -34.88457326289066], [-56.187158639841876, -34.8849319724089]]]]}}, {"type": "Feature", "properties": {"OBJECTID_1": 78, "OBJECTID": 56, "AREA": 575432.0439282225, "PERIMETER": 3702.0685597586867, "Codigo": 13, "Shape_Leng": 575539.9590112561, "Shape_Length": 3904.7333487952965, "Shape_Area": 755814.1358496422, "color": "#61d199"}, "geometry": {"type": "MultiPolygon", "coordinates": [[[[-56.175800405506976, -34.87874182584018], [-56.16681307051008, -34.87817274499478], [-56.16619681767567, -34.88337282857904], [-56.167317287186414, -34.88408172207577], [-56.17131248450231, -34.88431527968349], [-56.17322439059619, -34.88472133677944], [-56.17518588377213, -34.885412415773494], [-56.178236101802256, -34.88708926300481], [-56.180638335116136, -34.88737366699729], [-56.176784084685615, -34.88045849538951], [-56.175800405506976, -34.87874182584018]]]]}}, {"type": "Feature", "properties": {"OBJECTID_1": 79, "OBJECTID": 56, "AREA": 657582.7160922551, "PERIMETER": 3950.9583292906236, "Codigo": 56, "Shape_Leng": 657609.0110293508, "Shape_Length": 3358.6092903461204, "Shape_Area": 665036.4505545589, "color": "#6ce0ac"}, "geometry": {"type": "MultiPolygon", "coordinates": [[[[-56.173525449110194, -34.87650782308646], [-56.17312771918286, -34.876927589916825], [-56.173509694277406, -34.8768963957761], [-56.17324016271385, -34.87858227634931], [-56.175800405506976, -34.87874182584018], [-56.176784084685615, -34.88045849538951], [-56.186179870206246, -34.87737951745073], [-56.18502973817284, -34.87529265031826], [-56.18307435398485, -34.872796650162634], [-56.177146136413135, -34.87245048320874], [-56.17671857206203, -34.8728821463168], [-56.176863902808975, -34.87304556534431], [-56.17395948486757, -34.87605814592285], [-56.173525449110194, -34.87650782308646]]]]}}, {"type": "Feature", "properties": {"OBJECTID_1": 80, "OBJECTID": 52, "AREA": 2171785.045116923, "PERIMETER": 7453.249477489208, "Codigo": 27, "Shape_Leng": 2171894.2504473096, "Shape_Length": 8270.97068874244, "Shape_Area": 2928500.054659787, "color": "#79ecc0"}, "geometry": {"type": "MultiPolygon", "coordinates": [[[[-56.19647807005913, -34.85797923185663], [-56.19658954725261, -34.8609463362277], [-56.19618846299706, -34.863641941399266], [-56.20038883528019, -34.86774718957565], [-56.20205010928701, -34.86879286079445], [-56.20455824377013, -34.86974792690393], [-56.20220032696949, -34.87232519840624], [-56.21136512306895, -34.874785089685], [-56.211994894914874, -34.87544938764508], [-56.21540040437467, -34.87400214056902], [-56.21657813711488, -34.87384291430014], [-56.21688935381013, -34.874124456606715], [-56.21731797378087, -34.8739243265278], [-56.21757850560612, -34.87414241944831], [-56.21773197600309, -34.87382329156245], [-56.218141275963816, -34.87371320760382], [-56.21847647128846, -34.87384611403349], [-56.218863387144005, -34.87429495861163], [-56.21896676431891, -34.873993541971416], [-56.22056879185061, -34.87380093249956], [-56.220668527361035, -34.8734498956337], [-56.223282521779204, -34.8731961025115], [-56.22558995931329, -34.87264835990304], [-56.224051922806254, -34.870064956201205], [-56.22335063281621, -34.8695693255668], [-56.221549057674515, -34.86901821676224], [-56.21895818221132, -34.86869489943588], [-56.218000820140055, -34.86813714251171], [-56.217511701344336, -34.86764786180056], [-56.217105172036376, -34.86810301496329], [-56.21707408497014, -34.86776584296873], [-56.216146068427584, -34.86624000861638], [-56.21592146827475, -34.86544125942296], [-56.21192676313069, -34.86231663683477], [-56.21323054805057, -34.861491583217216], [-56.21201974377503, -34.860189241303814], [-56.2101608674545, -34.85891885380992], [-56.208116668262875, -34.85838326821688], [-56.20466026681073, -34.85711513710247], [-56.20294668943358, -34.85687492424374], [-56.19659020968228, -34.85764414887454], [-56.19647804629417, -34.857979088323866], [-56.19647807005913, -34.85797923185663]]]]}}, {"type": "Feature", "properties": {"OBJECTID_1": 82, "OBJECTID": 52, "AREA": 1046626.3411632265, "PERIMETER": 4654.038376955419, "Codigo": 47, "Shape_Leng": 1046664.7055929721, "Shape_Length": 6254.562147790743, "Shape_Area": 1887489.388290895, "color": "#4dcba1"}, "geometry": {"type": "MultiPolygon", "coordinates": [[[[-56.18526765872066, -34.87565583536365], [-56.18565744045565, -34.87637842739618], [-56.18747269410391, -34.8763056249503], [-56.187238063925776, -34.8774482619839], [-56.189645161427855, -34.87813913482177], [-56.19107732723, -34.879693742095185], [-56.20066774887686, -34.881934857978315], [-56.2016052607273, -34.882402139504386], [-56.202859870639166, -34.88145002870588], [-56.20301038357018, -34.88158627522337], [-56.20322417925649, -34.881330683183016], [-56.20374587482734, -34.881131211660325], [-56.20415435330107, -34.88061539073637], [-56.20406409521885, -34.88054266132575], [-56.205194166248724, -34.87973398742851], [-56.20857574362735, -34.87769558983782], [-56.20902448507037, -34.877540706986196], [-56.209385811640445, -34.877944328124904], [-56.20909415713886, -34.87747803898004], [-56.21046344037794, -34.87660324101998], [-56.21089485578766, -34.87654292058532], [-56.21107448721526, -34.875994029379946], [-56.211994894914874, -34.87544938764508], [-56.21136512306895, -34.874785089685], [-56.20221926806045, -34.87228471316015], [-56.186020034110584, -34.87107877723545], [-56.185429800289064, -34.874853277576136], [-56.18526765872066, -34.87565583536365]]]]}}, {"type": "Feature", "properties": {"OBJECTID_1": 83, "OBJECTID": 10, "AREA": 1026510.0644432764, "PERIMETER": 4658.449822977467, "Codigo": 10, "Shape_Leng": 1026520.2687177203, "Shape_Length": 4930.896107861783, "Shape_Area": 1017188.7302842647, "color": "#57dbb6"}, "geometry": {"type": "MultiPolygon", "coordinates": [[[[-56.17973199198347, -34.8857212917563], [-56.18115317438288, -34.888311480335226], [-56.17924942794563, -34.8881132191012], [-56.17838550552312, -34.89551536569965], [-56.17968450613148, -34.894612018503075], [-56.18271317901319, -34.896287721273055], [-56.1836184194344, -34.89493732026702], [-56.18777102574889, -34.89653759506486], [-56.18940252381154, -34.89575269507142], [-56.187965627965326, -34.89276364397077], [-56.18797634854992, -34.89221391543528], [-56.188606198761725, -34.89198122826259], [-56.188671190370485, -34.89175961948668], [-56.18784062456066, -34.890094595300965], [-56.18716474307314, -34.890145508757094], [-56.188808350987216, -34.88833268239313], [-56.18697745906778, -34.88457326289066], [-56.18665666161839, -34.88304424777388], [-56.18017884996362, -34.88553685293073], [-56.17973199198347, -34.8857212917563]]]]}}, {"type": "Feature", "properties": {"OBJECTID_1": 84, "OBJECTID": null, "AREA": 19170733.712304637, "PERIMETER": 30691.178701377354, "Codigo": 93, "Shape_Leng": 19172764.704244014, "Shape_Length": 21276.5548207035, "Shape_Area": 10740548.925177528, "color": "#63e9cc"}, "geometry": {"type": "MultiPolygon", "coordinates": [[[[-56.29023254453304, -34.851782695783044], [-56.286085528232974, -34.853083134806354], [-56.282463946877854, -34.853604638205], [-56.279127184354486, -34.85360715778228], [-56.27169576341146, -34.85266861360333], [-56.27118949026782, -34.85280930916634], [-56.270992351627385, -34.853001884604076], [-56.270769186118784, -34.85396705007761], [-56.26773447634335, -34.8692320039177], [-56.26120017891891, -34.86832893040893], [-56.260898199090946, -34.87031478952414], [-56.26096115613902, -34.87114995811036], [-56.2600337954665, -34.87534784584627], [-56.26112822013387, -34.87547332988388], [-56.25889467858978, -34.88609424969836], [-56.26412295313202, -34.886817316883764], [-56.26368216323082, -34.888981175854205], [-56.26771128938917, -34.897775219008246], [-56.26955048041254, -34.898510224634855], [-56.26834339306803, -34.89945679842399], [-56.26851983217623, -34.89946236906434], [-56.26841864925104, -34.89968719345866], [-56.26910143062065, -34.90029546266719], [-56.268915982208625, -34.90038001201204], [-56.26895848204066, -34.900524544986716], [-56.26913061452977, -34.90047598484643], [-56.26885924552035, -34.90099284941748], [-56.267035708412706, -34.901924152988656], [-56.26653743941135, -34.901767876839635], [-56.266166997542506, -34.90190894148086], [-56.26903824243455, -34.90289688877635], [-56.27151688799917, -34.89939142917217], [-56.27185450329426, -34.898111266915656], [-56.27309219648166, -34.89853394715856], [-56.273009041406446, -34.898655183906214], [-56.273256021785656, -34.898728799610005], [-56.273517476662, -34.899722269907855], [-56.27393868859309, -34.90013056702488], [-56.27438061415418, -34.90012869746376], [-56.27444711433075, -34.90034551057041], [-56.27420586754914, -34.90047482160913], [-56.274433850055914, -34.90045363944452], [-56.27460313518521, -34.90080632606495], [-56.274088210971385, -34.901096315233026], [-56.274548561140854, -34.901022416437065], [-56.27437778867716, -34.90130544313647], [-56.27450116482464, -34.90166687310335], [-56.27538771479616, -34.902136554641906], [-56.27578120831895, -34.90188641454469], [-56.27599633894318, -34.902004921616246], [-56.276058218911096, -34.90142367196288], [-56.276447891361286, -34.901218593575116], [-56.27658744814087, -34.901296071664234], [-56.27652597901518, -34.90112888503005], [-56.27703726253839, -34.901019210605654], [-56.27721266814909, -34.90083088970969], [-56.277496755055964, -34.90088668281374], [-56.277235584403954, -34.90071380057332], [-56.277502861227866, -34.90034567872392], [-56.27790800798385, -34.900325543029716], [-56.27817616180864, -34.89993488150651], [-56.279170340634884, -34.89928251564789], [-56.27889616378474, -34.89926736330655], [-56.27842059655461, -34.89967482999678], [-56.2780943138942, -34.89967289250243], [-56.277709639220156, -34.89938656088818], [-56.27769959000523, -34.89897170343629], [-56.27699085617144, -34.89819650685585], [-56.277179081541824, -34.897949649408716], [-56.27701449218398, -34.897060462128216], [-56.27718785331439, -34.89647987441128], [-56.277438002432454, -34.89626945407198], [-56.27757743345377, -34.89636045631087], [-56.277803443831374, -34.89593798409066], [-56.27797066869685, -34.895979555609784], [-56.27788577349597, -34.89575361761349], [-56.27836868827914, -34.89559868199387], [-56.27809570533912, -34.894979372687644], [-56.2784164975054, -34.89498127746867], [-56.2783908947385, -34.89423268549402], [-56.27859661676566, -34.89425194130415], [-56.278840147111424, -34.89464113242349], [-56.27928177213548, -34.89490525488038], [-56.27958684259946, -34.89537596551128], [-56.27943348955584, -34.89570418974032], [-56.27953618277046, -34.89577242858598], [-56.27980397464238, -34.89549898643128], [-56.280137644920245, -34.89590674368055], [-56.28014531282249, -34.895419852253745], [-56.28034015744136, -34.8953533758919], [-56.280225639518896, -34.89530761107354], [-56.28033890012957, -34.89510539133306], [-56.28053977399229, -34.89521027998724], [-56.2803509605363, -34.89505586731329], [-56.28040053067838, -34.89486228775736], [-56.281565519938695, -34.89445888953015], [-56.281610495202656, -34.894242738904005], [-56.28220986326818, -34.89422373636263], [-56.283246118031045, -34.89446430236511], [-56.283822189611, -34.894765270536475], [-56.28395517528371, -34.89496894444027], [-56.283675536012, -34.89526937810037], [-56.28390768279219, -34.89539698888688], [-56.28359180849525, -34.89577385633117], [-56.283951376229794, -34.89587967459482], [-56.28447440067928, -34.89638321756877], [-56.2844454194311, -34.89601784424526], [-56.28479988896456, -34.89631750304675], [-56.28607495315436, -34.896473785143115], [-56.28608019650431, -34.896816475296745], [-56.285675133669436, -34.89738218856855], [-56.28610417387385, -34.89784008540858], [-56.28608699808537, -34.89800680549551], [-56.28580584820368, -34.8980863099694], [-56.28587419265912, -34.89817237634962], [-56.28560316653843, -34.898346621989276], [-56.28570278081943, -34.89845541561974], [-56.28540003385941, -34.898579878956], [-56.28523845026325, -34.898912570731355], [-56.284703933236514, -34.89902214312165], [-56.28504121712923, -34.89909626634507], [-56.2851300242182, -34.89926811829128], [-56.28423922191298, -34.89960102624891], [-56.28419995730923, -34.89979015927945], [-56.28475586085497, -34.89973932775782], [-56.28512342207465, -34.90003004523516], [-56.28541644082363, -34.89976575659075], [-56.28567064631683, -34.89971765543958], [-56.28562651861184, -34.899915777713005], [-56.286008987441086, -34.89967004802178], [-56.28616686364492, -34.89976565747605], [-56.285932341431135, -34.89998971356474], [-56.286021091565054, -34.900089425747005], [-56.28621404381185, -34.8998470906792], [-56.28647241346979, -34.89987115108147], [-56.2865611463879, -34.90005201889552], [-56.28706630606774, -34.89969879780243], [-56.287222937122394, -34.89993867614968], [-56.28724513302232, -34.89974493333819], [-56.28785750395804, -34.899888291717915], [-56.28809198181218, -34.89966874029031], [-56.287848622038645, -34.899649279952], [-56.28787153932724, -34.899451032559774], [-56.28866526350176, -34.899347472176686], [-56.28863794867148, -34.89950060725161], [-56.28899760884626, -34.89943959024236], [-56.289086385735715, -34.89961594783951], [-56.28962532658735, -34.89899239307143], [-56.28946285619748, -34.898238494603575], [-56.28880465738883, -34.89793707254654], [-56.28866414645913, -34.89765220373726], [-56.2878935498189, -34.8975349746355], [-56.286409081399725, -34.89554536470086], [-56.286468446078075, -34.894295474160316], [-56.28757321600832, -34.890162161416306], [-56.29054429614054, -34.87556753225046], [-56.28579655218108, -34.87492336227808], [-56.290371796372966, -34.85235029287579], [-56.290839182038994, -34.85205564174586], [-56.29064153271791, -34.85176074482739], [-56.2905527621119, -34.85182785587781], [-56.2905748611487, -34.851643128573535], [-56.29023254453304, -34.851782695783044]]]]}}, {"type": "Feature", "properties": {"OBJECTID_1": 85, "OBJECTID": 391, "AREA": 17243442.245398298, "PERIMETER": 20428.516552008823, "Codigo": 390, "Shape_Leng": 8794562.798285991, "Shape_Length": 17480.357114038663, "Shape_Area": 11841260.16604656, "color": "#88ddcf"}, "geometry": {"type": "MultiPolygon", "coordinates": [[[[-56.014473727312165, -34.84220649387173], [-55.986934730064476, -34.85653904031727], [-55.9990156966904, -34.86357796552599], [-56.0122144980348, -34.87155459384654], [-56.011963263940245, -34.87173793544024], [-56.01606283063112, -34.8742711393229], [-56.01936723944092, -34.87607491583623], [-56.02150625774112, -34.87753790956236], [-56.02509637058405, -34.87821594102861], [-56.02602533631136, -34.87813918824793], [-56.02703637590406, -34.87832269854079], [-56.02760521237158, -34.878460564038285], [-56.029415893813784, -34.87942928703272], [-56.03004054261634, -34.87947727261253], [-56.03081669153048, -34.87928245642267], [-56.03076474060408, -34.87857912037245], [-56.031090811108506, -34.87831241446711], [-56.03191327134807, -34.87817771521253], [-56.033321054233554, -34.87837152226984], [-56.03437640908835, -34.87809511352506], [-56.03494915525029, -34.877614204504916], [-56.035130873944496, -34.87663162294258], [-56.03551752459666, -34.87602244518333], [-56.0361435867083, -34.87311879709776], [-56.036590734362335, -34.87218004430106], [-56.037146981077385, -34.87176072133174], [-56.03931391511682, -34.87128117959421], [-56.04086933181384, -34.870222452545214], [-56.02893286635283, -34.859351078207865], [-56.0385632041408, -34.85231872060278], [-56.05001807271912, -34.84315807110854], [-56.0503230476216, -34.8430943708051], [-56.048672038411894, -34.84319770424538], [-56.04489795827845, -34.84274750274079], [-56.03682706100029, -34.84414423420589], [-56.03380903651155, -34.844836540085765], [-56.03025043770663, -34.84590621272383], [-56.0280191978463, -34.84677690672126], [-56.024950789056945, -34.84594226998675], [-56.024330497631084, -34.84557565207399], [-56.022839693096415, -34.8453609784802], [-56.01664609455253, -34.84346984303846], [-56.01561858062775, -34.84301663385183], [-56.014487001183966, -34.84221773677773], [-56.014473727312165, -34.84220649387173]], [[-56.01997523795, -34.86589041494674], [-56.018923122840505, -34.86665837708526], [-56.01976829816967, -34.86594077146132], [-56.01997523795, -34.86589041494674]]]]}}, {"type": "Feature", "properties": {"OBJECTID_1": 87, "OBJECTID": null, "AREA": 10147719.729103234, "PERIMETER": 16086.14769795174, "Codigo": 96, "Shape_Leng": 1273056.5206664242, "Shape_Length": 7026.457437843972, "Shape_Area": 2626819.130111647, "color": "#42d7c5"}, "geometry": {"type": "MultiPolygon", "coordinates": [[[[-56.136745846669385, -34.80522848813116], [-56.13919677002024, -34.81690055646313], [-56.14483793417043, -34.81770520941336], [-56.14626306043063, -34.81754966070609], [-56.148180926195614, -34.81773064554132], [-56.14812704302308, -34.81982959745869], [-56.148276017240235, -34.821512201088545], [-56.15581716802449, -34.82166458158697], [-56.160616798671995, -34.8083788095825], [-56.14171590807648, -34.80591172993595], [-56.136745846669385, -34.80522848813116]]]]}}, {"type": "Feature", "properties": {"OBJECTID_1": 89, "OBJECTID": 47, "AREA": 2548551.9594234023, "PERIMETER": 6660.350287837429, "Codigo": 69, "Shape_Leng": 3499389.9738862407, "Shape_Length": 7787.328472587172, "Shape_Area": 2729525.8885083566, "color": "#4ce6de"}, "geometry": {"type": "MultiPolygon", "coordinates": [[[[-56.21788046785771, -34.840778400536095], [-56.20158298783593, -34.850242034807934], [-56.206852603691054, -34.85195376111941], [-56.20849912775368, -34.8531961115155], [-56.20376451889691, -34.855923759022396], [-56.20312461957867, -34.85641552194677], [-56.20294668943358, -34.85687492424374], [-56.20466026681073, -34.85711513710247], [-56.208116668262875, -34.85838326821688], [-56.2101608674545, -34.85891885380992], [-56.21201974377503, -34.860189241303814], [-56.21322924232821, -34.86149026635163], [-56.21669318421856, -34.85912611999628], [-56.22079272849419, -34.85580003576814], [-56.222818675000696, -34.8533502043037], [-56.22463122165323, -34.85245972558664], [-56.22382215410811, -34.850651907083204], [-56.221766551738824, -34.84316406863437], [-56.22167725830845, -34.838526920151786], [-56.21832864409011, -34.84050940014576], [-56.21788046785771, -34.840778400536095]]]]}}, {"type": "Feature", "properties": {"OBJECTID_1": 90, "OBJECTID": 29, "AREA": 2953865.7558353776, "PERIMETER": 8546.887988993438, "Codigo": 42, "Shape_Leng": 2347678.5418398483, "Shape_Length": 5870.160302061833, "Shape_Area": 1443631.5613198613, "color": "#75d7d7"}, "geometry": {"type": "MultiPolygon", "coordinates": [[[[-56.14993225150574, -34.83632869912658], [-56.1486190025815, -34.838031892964274], [-56.155553675936616, -34.84654147912661], [-56.15929998138174, -34.84458121796595], [-56.16171126016502, -34.844025943708516], [-56.16120014879964, -34.84287694324967], [-56.15972446217094, -34.84142793414647], [-56.16334454531771, -34.838813125853456], [-56.16312843738237, -34.83802355482017], [-56.168335679605875, -34.83871642927427], [-56.17005257855934, -34.838217112121114], [-56.17041622845824, -34.835691042277794], [-56.161438991009106, -34.83476274880853], [-56.16146347181658, -34.83461317186261], [-56.15172316129156, -34.833784443655446], [-56.14993225150574, -34.83632869912658]]]]}}, {"type": "Feature", "properties": {"OBJECTID_1": 96, "OBJECTID": 81, "AREA": 1629026.3793029492, "PERIMETER": 5746.874530514191, "Codigo": 90, "Shape_Leng": 1629026.3025840225, "Shape_Length": 9348.76360012585, "Shape_Area": 1868334.7517045508, "color": "#81dfe4"}, "geometry": {"type": "MultiPolygon", "coordinates": [[[[-56.192494206359065, -34.905977790113894], [-56.198691571778845, -34.906435343409164], [-56.19874808025379, -34.905947878733684], [-56.200907436602876, -34.906059124462054], [-56.200876134794235, -34.906282135900916], [-56.21365723513934, -34.910391632438646], [-56.21692549540557, -34.91099216020901], [-56.21686451699627, -34.910249806408196], [-56.21634049512649, -34.90995787539812], [-56.21610376857786, -34.90916733643925], [-56.21560981563678, -34.90880796661743], [-56.215673923526566, -34.90818167915426], [-56.216968465772716, -34.90557050501787], [-56.218920185602336, -34.90427555679584], [-56.21950595999495, -34.90454533011902], [-56.21976598360098, -34.90432156737253], [-56.21710944790825, -34.90296992482156], [-56.21406094128296, -34.90492954458109], [-56.213159360978096, -34.9046351577457], [-56.213677718530576, -34.90357898115004], [-56.213896873264616, -34.903553346970305], [-56.2138306129541, -34.9033996244567], [-56.21371132661443, -34.903498042977446], [-56.213836016561935, -34.90304798509824], [-56.214716831497874, -34.90142605818283], [-56.214215525707, -34.90126952419543], [-56.211577806118584, -34.902979253263155], [-56.20650853949097, -34.90143135901564], [-56.2064693957616, -34.90130486143447], [-56.2090153689915, -34.899680310386515], [-56.20901845844614, -34.899572122992275], [-56.20750483045997, -34.89905278622957], [-56.20467045821117, -34.90086027325235], [-56.20062647360743, -34.89963444456208], [-56.20040908369195, -34.900043301081745], [-56.19855659820891, -34.899413416116], [-56.19858690633064, -34.89923895477328], [-56.1984768778286, -34.8993689798573], [-56.198039203273545, -34.89914516935692], [-56.197602355455075, -34.89869593064292], [-56.19737187317853, -34.897707016164645], [-56.196898877077125, -34.89773996096283], [-56.19716382301689, -34.89764702977517], [-56.19727784519441, -34.89640339732354], [-56.19826694273456, -34.89675709102957], [-56.19827681834314, -34.89693750191952], [-56.198521886879206, -34.89663703899672], [-56.19746481154299, -34.89630995041325], [-56.19793916487943, -34.89545557066553], [-56.193653004426544, -34.89518015490548], [-56.19282043971895, -34.90309964939513], [-56.192494206359065, -34.905977790113894]]]]}}, {"type": "Feature", "properties": {"OBJECTID_1": 100, "OBJECTID": null, "AREA": 10147719.729103234, "PERIMETER": 16086.14769795174, "Codigo": 49, "Shape_Leng": 6330322.012588878, "Shape_Length": 10940.14665197201, "Shape_Area": 4452825.900997854, "color": "#36cee2"}, "geometry": {"type": "MultiPolygon", "coordinates": [[[[-56.124812060166086, -34.80514110908688], [-56.1272623921994, -34.803996902794694], [-56.160616798671995, -34.8083788095825], [-56.1615163470344, -34.80592925170418], [-56.15262220437262, -34.79707376712472], [-56.118713228083315, -34.79414566468937], [-56.11781965470358, -34.79393921809149], [-56.114135950982266, -34.79210405738957], [-56.11206163546136, -34.79494126313865], [-56.11165242835135, -34.79488136293107], [-56.10940979617607, -34.79802028542895], [-56.11681220257715, -34.80167738023985], [-56.11885534893868, -34.80243098530884], [-56.124755680844935, -34.80511513666726], [-56.124812060166086, -34.80514110908688]]]]}}, {"type": "Feature", "properties": {"OBJECTID_1": 104, "OBJECTID": 44, "AREA": 2953865.7558353776, "PERIMETER": 8546.887988993438, "Codigo": 44, "Shape_Leng": 1769216.8687303234, "Shape_Length": 9403.676422927003, "Shape_Area": 3935117.3475481095, "color": "#61bed1"}, "geometry": {"type": "MultiPolygon", "coordinates": [[[[-56.10834895236873, -34.79751087746254], [-56.10464485440247, -34.80253172150059], [-56.102594965615374, -34.80501415515714], [-56.117362369705354, -34.81255789853068], [-56.12888297026367, -34.81819482693961], [-56.12891253721214, -34.81891806923903], [-56.1299138068815, -34.818882036199675], [-56.1304576825838, -34.818261484880466], [-56.13143626998148, -34.81828063102417], [-56.13971727795078, -34.8194419407474], [-56.136745846669385, -34.80522848813116], [-56.1272623921994, -34.803996902794694], [-56.124812060166086, -34.80514110908688], [-56.11885534893868, -34.80243098530884], [-56.11681220257715, -34.80167738023985], [-56.10941116402522, -34.79802259306181], [-56.10834895236873, -34.79751087746254]]]]}}, {"type": "Feature", "properties": {"OBJECTID_1": 142, "OBJECTID": 374, "AREA": 1857308.4103470237, "PERIMETER": 6820.429681177346, "Codigo": 371, "Shape_Leng": 1867634.0461108822, "Shape_Length": 9172.252406805566, "Shape_Area": 4469278.247918043, "color": "#6cc7e0"}, "geometry": {"type": "MultiPolygon", "coordinates": [[[[-55.95824575016574, -34.82179774244472], [-55.98491292627625, -34.83633154780182], [-55.99657555252892, -34.82467974236336], [-55.98797435454865, -34.820739238893864], [-55.972622825373676, -34.815303570758886], [-55.96602381691745, -34.811147006057126], [-55.96454861099368, -34.81396241833026], [-55.95887927917084, -34.821052986376436], [-55.95824575016574, -34.82179774244472]]]]}}, {"type": "Feature", "properties": {"OBJECTID_1": 146, "OBJECTID": 74, "AREA": 2128159.1846712492, "PERIMETER": 8522.491694544588, "Codigo": 25, "Shape_Leng": 2128288.297819818, "Shape_Length": 10833.98204878081, "Shape_Area": 2798152.833756984, "color": "#79cbec"}, "geometry": {"type": "MultiPolygon", "coordinates": [[[[-56.12280368619373, -34.90121940015025], [-56.12318932873252, -34.902399696548706], [-56.12288490152535, -34.90246512907015], [-56.122935558457364, -34.902654856235635], [-56.12255141432005, -34.90307589271782], [-56.12278307796502, -34.90342021929401], [-56.122424491224244, -34.903882017229144], [-56.123015949901195, -34.90416582028804], [-56.12303590006562, -34.90447705820546], [-56.123303662234896, -34.90451505888944], [-56.123111232072134, -34.904662454688435], [-56.12398842582537, -34.90490322826027], [-56.12393338045371, -34.90499751225041], [-56.12419450962458, -34.905080549251025], [-56.124120215199056, -34.90518371182369], [-56.12445040055985, -34.90533487506163], [-56.12433900979317, -34.905388175821614], [-56.124439115048084, -34.90556022415226], [-56.12575963590019, -34.905993539624596], [-56.125659387543486, -34.906673618217205], [-56.12501383762839, -34.90671405823318], [-56.12503258994695, -34.906881011707895], [-56.12556330764763, -34.90721846842241], [-56.12550846523706, -34.907551710718806], [-56.12637259363347, -34.90935235106384], [-56.12557418381174, -34.907547674986546], [-56.12562873918487, -34.90724148223564], [-56.12599761462879, -34.90690599007195], [-56.12572975048975, -34.90668314163079], [-56.125834834466815, -34.90599858915094], [-56.12618642318326, -34.90613186721834], [-56.12637314022042, -34.90600696854116], [-56.12664074955323, -34.906189236279246], [-56.12722538111166, -34.90602210907043], [-56.12732011610449, -34.90618509927821], [-56.12733315984881, -34.90598681416054], [-56.127483111614055, -34.90597436497913], [-56.1279124473852, -34.90613073926368], [-56.12796268900346, -34.90636103882521], [-56.127981918683155, -34.90609516888517], [-56.128327450163454, -34.90621938010452], [-56.12884369023882, -34.90611487506594], [-56.12985940219738, -34.905549558132414], [-56.13057332787297, -34.90544646089972], [-56.1310360328618, -34.90509809849839], [-56.13162465210714, -34.90539536542013], [-56.13182368257246, -34.90566078186515], [-56.131877291684596, -34.90629064981311], [-56.13258195562149, -34.907003533152704], [-56.13241856422167, -34.90731796954197], [-56.13258859936089, -34.90760773430332], [-56.132404224625134, -34.90770560760825], [-56.13288936184529, -34.90795704355799], [-56.132683644834984, -34.907937541152435], [-56.13261499338767, -34.90809034390873], [-56.13313057991725, -34.908554334590754], [-56.13299602791637, -34.909053830346764], [-56.13224548506489, -34.9091882403434], [-56.13209813416828, -34.90940810991233], [-56.13234883931182, -34.90953602030419], [-56.13229267619126, -34.90969645849366], [-56.13203383068135, -34.9098899508877], [-56.131850407230765, -34.90977015538584], [-56.131725277679735, -34.90995537585503], [-56.13177244907235, -34.90969872223214], [-56.13104678209672, -34.909549260193806], [-56.130817072315836, -34.90888485212947], [-56.13100451114699, -34.90953543211264], [-56.13050380628409, -34.90952734209951], [-56.13018952323311, -34.90870903508454], [-56.13046153544067, -34.9095135138309], [-56.12998652253972, -34.90946953665593], [-56.129692024090204, -34.908786628254006], [-56.12996097349918, -34.909491896782974], [-56.130195567965714, -34.90949808468478], [-56.12980218348062, -34.90988751728167], [-56.12862951463452, -34.90937415067705], [-56.12873091536104, -34.9092306022779], [-56.12860101728722, -34.909157533213], [-56.128213937708615, -34.90920886035677], [-56.12779390764731, -34.90901197641622], [-56.12765335326009, -34.90910564830889], [-56.12990207097648, -34.91003250791508], [-56.130064259114626, -34.91120068575847], [-56.12982306334566, -34.91136577732359], [-56.13011660204742, -34.911232620689574], [-56.13112192837605, -34.91152836359451], [-56.13185445711372, -34.91200249394566], [-56.13228905589744, -34.91198756347176], [-56.13254473585884, -34.91220129334181], [-56.13312522011354, -34.912106246241635], [-56.134156781338945, -34.91159961922116], [-56.1355199952722, -34.91143348863822], [-56.13646674809768, -34.91157547809879], [-56.13824767452558, -34.912223833989664], [-56.13946058932133, -34.911709430389756], [-56.13965091290605, -34.91097587455683], [-56.14008911550362, -34.910352279210464], [-56.14130331312831, -34.910302252829936], [-56.14230581292683, -34.9105347908739], [-56.14273030288233, -34.90932537697054], [-56.14351661868194, -34.9083318999668], [-56.144392040285815, -34.90511092498883], [-56.144852326195384, -34.90398335834611], [-56.14491996862122, -34.90276981316762], [-56.138409413930205, -34.901216594995375], [-56.140802867083515, -34.898160222284886], [-56.14211788066986, -34.89522951101897], [-56.1390498425297, -34.89439188404263], [-56.12982548705364, -34.89303885207401], [-56.127271925127204, -34.89506664626717], [-56.122789493936665, -34.89932173157333], [-56.12186934543619, -34.90041251721674], [-56.12269506454964, -34.9010784226848], [-56.12280368619373, -34.90121940015025]]]]}}, {"type": "Feature", "properties": {"OBJECTID_1": 150, "OBJECTID": 62, "AREA": 6710631.47709336, "PERIMETER": 17382.927273296318, "Codigo": 51, "Shape_Leng": 6710501.2581611145, "Shape_Length": 15455.327385769384, "Shape_Area": 8622724.772942, "color": "#4da1cb"}, "geometry": {"type": "MultiPolygon", "coordinates": [[[[-56.057155577733255, -34.86096325477465], [-56.05920014221374, -34.86274646595931], [-56.06043855644622, -34.864176253572516], [-56.06094532377655, -34.865731130001016], [-56.060066988650085, -34.866749776858136], [-56.062915590310105, -34.86793300574032], [-56.06991823400412, -34.8701238546115], [-56.07683678871546, -34.87008190173726], [-56.0822353364434, -34.87611613923481], [-56.08291337818154, -34.87714835160417], [-56.08390210750382, -34.87665105336108], [-56.08599204851872, -34.87895593172361], [-56.0889785253987, -34.87708333929281], [-56.089716716526056, -34.8781724669424], [-56.09057972227828, -34.87777459316804], [-56.08980388631423, -34.87657342026055], [-56.091332176193944, -34.875625966424174], [-56.093056800160305, -34.87818043327378], [-56.09850771836281, -34.87682270575051], [-56.09783088122669, -34.87568747292218], [-56.0981493448864, -34.87553482124587], [-56.09875874974654, -34.876214618516066], [-56.09936365760032, -34.87648313213549], [-56.098892043964696, -34.875156209211255], [-56.09993752385085, -34.87461217871427], [-56.100319256961555, -34.87467983084711], [-56.10075495919065, -34.874400228479914], [-56.10078635610655, -34.874192023567524], [-56.10187823063096, -34.873481376694315], [-56.10296799964927, -34.87309337012076], [-56.10203551107168, -34.87178411519736], [-56.104780808947964, -34.87093613209532], [-56.09923124253277, -34.859037088161266], [-56.09566630538564, -34.86009336002528], [-56.08645968989397, -34.86130231924629], [-56.081541207753126, -34.86092585268204], [-56.07604615437545, -34.85606649457075], [-56.07606309558914, -34.84679443608058], [-56.06693922554822, -34.84640829455494], [-56.05439438256353, -34.84638596482623], [-56.05412020378193, -34.85041657834781], [-56.05423912229741, -34.85173401924122], [-56.05632222371342, -34.85616413565534], [-56.05617645811778, -34.85949685204171], [-56.05633087895194, -34.85995594595734], [-56.05674950805101, -34.86023872783409], [-56.05710449336735, -34.86088621229001], [-56.057155577733255, -34.86096325477465]]]]}}, {"type": "Feature", "properties": {"OBJECTID_1": 151, "OBJECTID": null, "AREA": 3862166.193079102, "PERIMETER": 9523.954342027133, "Codigo": 29, "Shape_Leng": 3861468.7124786484, "Shape_Length": 4738.325610625074, "Shape_Area": 1001031.7743542976, "color": "#57a8db"}, "geometry": {"type": "MultiPolygon", "coordinates": [[[[-56.14761681161684, -34.88878010002036], [-56.15069229343782, -34.89010298963399], [-56.1591574695095, -34.892175975376546], [-56.162490321336314, -34.893924960245826], [-56.1649601135457, -34.89495629105608], [-56.165028901070045, -34.89348621264761], [-56.15412205779663, -34.88059731010996], [-56.153199020278194, -34.88123982868708], [-56.15201410332659, -34.882572029348054], [-56.14818665858512, -34.887949281965895], [-56.14761681161684, -34.88878010002036]]]]}}, {"type": "Feature", "properties": {"OBJECTID_1": 152, "OBJECTID": null, "AREA": 19170733.712304637, "PERIMETER": 30691.178701377354, "Codigo": 99, "Shape_Leng": 19172764.704244014, "Shape_Length": 21377.33089205601, "Shape_Area": 5788842.58303315, "color": "#63ace9"}, "geometry": {"type": "MultiPolygon", "coordinates": [[[[-56.247821914654246, -34.873711342835435], [-56.24915089244875, -34.87386405321944], [-56.244872467731575, -34.873452660377026], [-56.24353106605026, -34.87247714103672], [-56.24152442437788, -34.87057706086736], [-56.2416452611258, -34.87068153134179], [-56.23983568264743, -34.87182550715714], [-56.23845009211807, -34.87242264759902], [-56.237486784924634, -34.87251971185077], [-56.235859332085795, -34.8725778046084], [-56.23133885529853, -34.871614370926466], [-56.230974421048515, -34.871730852905856], [-56.2298813445296, -34.87154404822299], [-56.22528075694843, -34.87212581166096], [-56.22558995931329, -34.87264835990304], [-56.22547848218098, -34.87268269753343], [-56.22585959809088, -34.87265801136406], [-56.2261557068439, -34.8729052366196], [-56.22991839268761, -34.87977779714774], [-56.23059507190257, -34.87952508740553], [-56.23089608836702, -34.87973439081397], [-56.2318285557834, -34.87940664469594], [-56.23186204295731, -34.879041654071564], [-56.232873350996044, -34.87869185457521], [-56.233522900567486, -34.8798862402176], [-56.23098999831163, -34.880812556556926], [-56.23104297401131, -34.880925608336504], [-56.23355834992719, -34.87997212842361], [-56.23377217734501, -34.88036573049314], [-56.23596425745537, -34.87960854388103], [-56.23626941685684, -34.87937150172207], [-56.23738852661339, -34.87771482688778], [-56.23805485981586, -34.87709680786217], [-56.238836225493344, -34.876759043051884], [-56.239391975545885, -34.87678506449548], [-56.23956710334563, -34.876556217609306], [-56.24046824828415, -34.87694959655142], [-56.24058684424046, -34.876472417916546], [-56.24129483737304, -34.87608007473998], [-56.24141923091941, -34.87586443453058], [-56.24228580384472, -34.8757030172636], [-56.24249489776367, -34.87616871377125], [-56.24290045763032, -34.87646430383026], [-56.2432344904292, -34.87613274146246], [-56.24389853096533, -34.87613236422634], [-56.243924717545255, -34.87596119738966], [-56.244720773427055, -34.87633134799241], [-56.24473585541771, -34.87670115310846], [-56.245346921770164, -34.876930633855864], [-56.245374785618516, -34.87717427529658], [-56.245769766665774, -34.87711361290718], [-56.24578158044054, -34.876793570200824], [-56.24595987797046, -34.87675859861371], [-56.24592572020052, -34.87697931188959], [-56.24653089526045, -34.87693360369928], [-56.24719209823551, -34.87744704476741], [-56.24758159514, -34.87793188422889], [-56.24747191257273, -34.8784857724848], [-56.24770570098824, -34.87850076881846], [-56.247863839079294, -34.87870461419668], [-56.24761094360141, -34.87928917715868], [-56.247657256713495, -34.88028588084746], [-56.24697782538389, -34.88084525861395], [-56.24688143709304, -34.8816652400762], [-56.24657137286975, -34.88199245199048], [-56.245622568693044, -34.88246448739494], [-56.244182470716595, -34.88228872184488], [-56.24416308555356, -34.88261322566285], [-56.24394188909829, -34.88286884447409], [-56.24419157774739, -34.883307703873], [-56.2437504154557, -34.88331401193157], [-56.24458418987555, -34.8835311032819], [-56.24451820102418, -34.88394098223819], [-56.24492207467703, -34.88427258198371], [-56.24458044805905, -34.88423894129539], [-56.244581220754846, -34.88437871487208], [-56.24460320132717, -34.88427522688702], [-56.24497966222993, -34.88433610342159], [-56.245063116372926, -34.884471719497064], [-56.24463508373787, -34.88439708424388], [-56.24511338374064, -34.88452178933247], [-56.245165414917075, -34.88481505694318], [-56.244892143727526, -34.88478191817911], [-56.24515478643264, -34.88485568800709], [-56.24528249271739, -34.885325382570215], [-56.2450926498313, -34.88604108225057], [-56.24533349392372, -34.88610569899754], [-56.24522852324035, -34.886515336175854], [-56.244440350840094, -34.886767434100776], [-56.245015327173626, -34.88694233580615], [-56.244907566357256, -34.887581897372655], [-56.24461064893813, -34.88781450341509], [-56.24518158755353, -34.88790822324537], [-56.24532042306697, -34.88828330465604], [-56.24339544247353, -34.888090992067944], [-56.24336033673461, -34.88818996423632], [-56.24399289468846, -34.88835170318141], [-56.24485796847555, -34.88844274478766], [-56.24488169593962, -34.888839654886695], [-56.24309023064263, -34.88861210548886], [-56.243068808389445, -34.888729189311356], [-56.24480688206427, -34.888942889469405], [-56.24469386751631, -34.88918563007147], [-56.24449221826619, -34.88917087621974], [-56.2443195111675, -34.88965673867273], [-56.24441840550211, -34.88998648603771], [-56.24482248254076, -34.89022795631042], [-56.24486997083539, -34.89064299176415], [-56.2435517171841, -34.89051762701187], [-56.244974091708556, -34.890702307991134], [-56.24487914210736, -34.89106241143697], [-56.245131947684364, -34.891316466874855], [-56.24493276473918, -34.8916308363413], [-56.244524346997295, -34.891862749269485], [-56.244709424036294, -34.89219303190304], [-56.24459983687851, -34.892507957430695], [-56.24483542940099, -34.89292421838297], [-56.24488826232402, -34.89342951694507], [-56.24472688577, -34.893424005676536], [-56.24454112787421, -34.89428851466005], [-56.24435467222124, -34.894332442306265], [-56.24471981296601, -34.894794595299956], [-56.24462047603212, -34.89496079852465], [-56.24475675480293, -34.89494368644701], [-56.244737202516454, -34.895286147551644], [-56.24505031133391, -34.895454913170866], [-56.244784452841, -34.896102508943656], [-56.24506165441468, -34.89614030835431], [-56.24537825608431, -34.89562829318409], [-56.2456287442114, -34.89563435849913], [-56.24611168497831, -34.895930401610435], [-56.24609119864212, -34.89615119899149], [-56.24638453900008, -34.896018098162685], [-56.246486269399384, -34.896153672214126], [-56.24737347910125, -34.896064711613015], [-56.24792605701846, -34.89649620685165], [-56.248047159607324, -34.89647442090601], [-56.247503428798666, -34.896015681032345], [-56.24783122196097, -34.89589603101861], [-56.248475816873636, -34.896143422838406], [-56.24891746603276, -34.89601996783484], [-56.24913377535095, -34.8961971078634], [-56.25019797007645, -34.89609544584643], [-56.25200126975384, -34.89637707630919], [-56.25444333099701, -34.897280286827716], [-56.25471712010581, -34.89779144494911], [-56.25505264412673, -34.89782957110991], [-56.254915727804914, -34.89814433836144], [-56.255260157176515, -34.897979711628885], [-56.25575084295859, -34.89800517752153], [-56.255390972754675, -34.898390718546125], [-56.25556444628749, -34.898648774977865], [-56.25531803677018, -34.89866530019009], [-56.25527834806484, -34.898818351578285], [-56.25549549270834, -34.898936907100556], [-56.255130258197894, -34.899006807984925], [-56.25547667577397, -34.89920280297385], [-56.25580417443536, -34.899069605532915], [-56.25579191453484, -34.899367045436165], [-56.25596234431443, -34.89950785740313], [-56.25629753509549, -34.89918530309036], [-56.256636163672106, -34.89935417711645], [-56.2581555805947, -34.89941756429261], [-56.25856092646891, -34.90006026790766], [-56.25810903984994, -34.900409186219285], [-56.258218707689394, -34.90129806217943], [-56.25724867556929, -34.90259063271446], [-56.25745569389626, -34.90269559687636], [-56.25726422829712, -34.902838704128804], [-56.25745821058447, -34.90280840092336], [-56.25750995431709, -34.90297546536609], [-56.257026680460136, -34.903085228580146], [-56.25778433593585, -34.90304477118869], [-56.257550723619424, -34.90361590640303], [-56.256633984417576, -34.9035246842329], [-56.25628828594775, -34.903265567582054], [-56.25657861784764, -34.90361451067358], [-56.25705781919137, -34.903653506572134], [-56.2569071529461, -34.90427929285977], [-56.25621040830684, -34.904315608818656], [-56.256624620538304, -34.90443085952853], [-56.25648779068022, -34.90496651244518], [-56.255743734268485, -34.904934946931874], [-56.256716354802975, -34.90503107050622], [-56.25675567977639, -34.90537397090961], [-56.256979956036126, -34.905614301187924], [-56.257440096395335, -34.90549544456789], [-56.25742298832382, -34.90572070807515], [-56.25632175818746, -34.90600252873447], [-56.25641590358806, -34.906183451120555], [-56.257581378168815, -34.90578489615091], [-56.25900321288875, -34.906339021983264], [-56.26073708330168, -34.90605652629891], [-56.260744252447545, -34.90479865362173], [-56.26022379609962, -34.90478196080391], [-56.25999685711504, -34.904532602899216], [-56.26037977004445, -34.90363770832794], [-56.26078401071981, -34.903644678126085], [-56.261645459769845, -34.90293755220621], [-56.26291861415195, -34.90262515858425], [-56.263279231491055, -34.90230722810516], [-56.264512828088385, -34.90245897027114], [-56.26464836076095, -34.90262191379944], [-56.26433236013749, -34.90259764663526], [-56.26459011763877, -34.902824643340004], [-56.26495511139712, -34.902520417236516], [-56.265179449798474, -34.902634339789245], [-56.265024648174354, -34.90234935792884], [-56.26542099936127, -34.90255013531883], [-56.265769138285314, -34.90240345302059], [-56.266138069338446, -34.90191874539374], [-56.26653743941135, -34.901767876839635], [-56.267035708412706, -34.901924152988656], [-56.26814935169679, -34.90138982391211], [-56.268305943790935, -34.90116533430439], [-56.26885924552035, -34.90099284941748], [-56.26913061452977, -34.90047598484643], [-56.26895848204066, -34.900524544986716], [-56.268915982208625, -34.90038001201204], [-56.26910143062065, -34.90029546266719], [-56.26841864925104, -34.89968719345866], [-56.26851983217623, -34.89946236906434], [-56.26836230594561, -34.899483964276655], [-56.268375093865124, -34.899353289892446], [-56.26955048041254, -34.898510224634855], [-56.26771128938917, -34.897775219008246], [-56.26368216323082, -34.888981175854205], [-56.26412295313202, -34.886817316883764], [-56.25889467858978, -34.88609424969836], [-56.26112822013387, -34.87547332988388], [-56.25241331426045, -34.87432368541581], [-56.25274073892813, -34.87237601737246], [-56.247818177601204, -34.871777580322615], [-56.247278383679436, -34.87268785433064], [-56.247821914654246, -34.873711342835435]]]]}}, {"type": "Feature", "properties": {"OBJECTID_1": 166, "OBJECTID": 62, "AREA": 6710631.47709336, "PERIMETER": 17382.927273296318, "Codigo": 18, "Shape_Leng": 6710501.2581611145, "Shape_Length": 7738.584239430151, "Shape_Area": 2919458.1190315825, "color": "#88b2dd"}, "geometry": {"type": "MultiPolygon", "coordinates": [[[[-56.12570529779004, -34.87326053396598], [-56.12424521609299, -34.873022939586406], [-56.1235435818243, -34.87533401395838], [-56.12411185993609, -34.87655287106558], [-56.124637065781364, -34.87854568283661], [-56.1245261955328, -34.8795463569751], [-56.12538465698492, -34.88185469008002], [-56.12524685136527, -34.8820120198547], [-56.119949839386116, -34.88384207257268], [-56.12129910929741, -34.88708410745518], [-56.1380421913035, -34.886596171471275], [-56.14609245065365, -34.88061284449761], [-56.142899389917446, -34.8785044848742], [-56.144104675417616, -34.877077367792076], [-56.13668311953772, -34.872822837855836], [-56.13555857519755, -34.871831859429804], [-56.135252085509585, -34.87146274094831], [-56.134353367666904, -34.867121132211345], [-56.126559452823884, -34.87264376321364], [-56.12570529779004, -34.87326053396598]]]]}}, {"type": "Feature", "properties": {"OBJECTID_1": 167, "OBJECTID": 11, "AREA": 657582.7160922551, "PERIMETER": 3950.9583292906236, "Codigo": 11, "Shape_Leng": 657609.0110293508, "Shape_Length": 2898.964963374757, "Shape_Area": 500481.95109014853, "color": "#4285d7"}, "geometry": {"type": "MultiPolygon", "coordinates": [[[[-56.176784084685615, -34.88045849538951], [-56.17973199198347, -34.8857212917563], [-56.18665666161839, -34.88304424777388], [-56.186294262629595, -34.881520385096984], [-56.186179870206246, -34.87737951745073], [-56.177676089728706, -34.880145432692494], [-56.176784084685615, -34.88045849538951]]]]}}, {"type": "Feature", "properties": {"OBJECTID_1": 169, "OBJECTID": 30, "AREA": 3180943.4596372936, "PERIMETER": 7793.112934235101, "Codigo": 34, "Shape_Leng": 3181116.459633006, "Shape_Length": 7301.130264877083, "Shape_Area": 1169815.2135565297, "color": "#4c87e6"}, "geometry": {"type": "MultiPolygon", "coordinates": [[[[-56.19153140127703, -34.8440460492559], [-56.18873266641844, -34.845940611833385], [-56.18686247100533, -34.84452637439275], [-56.18532011531178, -34.84288067936711], [-56.181774609123266, -34.84515524246138], [-56.17665951418232, -34.848126271493044], [-56.17605067862427, -34.84770646336675], [-56.17600662995302, -34.84697523541593], [-56.17392360073941, -34.844550666717566], [-56.173425880569965, -34.84466593458911], [-56.17647363943531, -34.854184921449686], [-56.178368482463334, -34.85590798515255], [-56.18763631796977, -34.84843189399823], [-56.19153846853404, -34.84454046391412], [-56.19721460334151, -34.84101648073534], [-56.19478147620798, -34.83864660865547], [-56.19057080317074, -34.84114862784935], [-56.19156771400325, -34.842154321216555], [-56.191576663065845, -34.842397817905116], [-56.19250226813351, -34.84344633642144], [-56.19153140127703, -34.8440460492559]]]]}}, {"type": "Feature", "properties": {"OBJECTID_1": 174, "OBJECTID": 370, "AREA": 1976226.673290054, "PERIMETER": 5979.869825958927, "Codigo": 370, "Shape_Leng": 1976569.138731848, "Shape_Length": 7382.422833781223, "Shape_Area": 3086154.9487829483, "color": "#7595d7"}, "geometry": {"type": "MultiPolygon", "coordinates": [[[[-55.94946120135057, -34.83617631819118], [-55.95221779462727, -34.83668294021767], [-55.9538096521787, -34.8372286545505], [-55.9550565546931, -34.837974271243624], [-55.9574705831475, -34.83978038337169], [-55.95917723497903, -34.84131439063674], [-55.96412986328528, -34.84304288040821], [-55.965973804556356, -34.84388600639325], [-55.97040037824944, -34.83945824855286], [-55.969964101279075, -34.8392179243426], [-55.977028027293564, -34.83203743673125], [-55.95824575016574, -34.82179774244472], [-55.95740591323756, -34.82304821502251], [-55.95675323976501, -34.82459458102694], [-55.95648609671309, -34.82580132556158], [-55.956306068117016, -34.828306465411366], [-55.95582672096255, -34.82941459827533], [-55.95504129944287, -34.830466192736566], [-55.95255481321964, -34.83240069115143], [-55.95175760391508, -34.83330615498794], [-55.94946120135057, -34.83617631819118]]]]}}, {"type": "Feature", "properties": {"OBJECTID_1": 175, "OBJECTID": 13, "AREA": 44653758.13275619, "PERIMETER": 35606.79950453697, "Codigo": 52, "Shape_Leng": 57920581.469993845, "Shape_Length": 12068.521809054218, "Shape_Area": 8803301.75690107, "color": "#819de4"}, "geometry": {"type": "MultiPolygon", "coordinates": [[[[-56.11011572662427, -34.75922212762449], [-56.10990725279707, -34.765369896492764], [-56.10904363525671, -34.76666100122401], [-56.10844844254189, -34.76867081253637], [-56.109350263024155, -34.774902348612244], [-56.10861411255168, -34.777558232089035], [-56.1081693216302, -34.780176985604456], [-56.117172195222516, -34.78169350533675], [-56.13382425166531, -34.7856217147699], [-56.14218085387436, -34.78685688687031], [-56.14390434097609, -34.77628412437845], [-56.144972886379506, -34.76535217177073], [-56.1424997709963, -34.76303718380114], [-56.14265735989731, -34.761110382235515], [-56.13634658912913, -34.7607739050695], [-56.13331427282566, -34.760373944717124], [-56.11013883085402, -34.754998166042526], [-56.10989650665617, -34.75522300452545], [-56.110128805152236, -34.75865415124593], [-56.11011572662427, -34.75922212762449]]]]}}, {"type": "Feature", "properties": {"OBJECTID_1": 176, "OBJECTID": 89, "AREA": 1293692.3376659234, "PERIMETER": 5270.512811767649, "Codigo": 89, "Shape_Leng": 1293755.5064561625, "Shape_Length": 5395.3300732711, "Shape_Area": 1261471.1893563601, "color": "#365be2"}, "geometry": {"type": "MultiPolygon", "coordinates": [[[[-56.16498628723602, -34.89462326851616], [-56.164161319522414, -34.902222636133054], [-56.16513453998136, -34.90198202793408], [-56.169119538892105, -34.902200301711304], [-56.17389208528453, -34.90221629893963], [-56.17505515095823, -34.90152358009648], [-56.179567002888604, -34.90329330181611], [-56.18436746562137, -34.89522211807178], [-56.1836184194344, -34.89493732026702], [-56.18271317901319, -34.896287721273055], [-56.17968450613148, -34.894612018503075], [-56.17825430808919, -34.89565098589452], [-56.16500571368419, -34.894625073769326], [-56.165024227329994, -34.894186584945814], [-56.16498648577438, -34.89462073693041], [-56.16498628723602, -34.89462326851616]]]]}}, {"type": "Feature", "properties": {"OBJECTID_1": 185, "OBJECTID": 13, "AREA": 1655737.630033339, "PERIMETER": 5833.936570596015, "Codigo": 8, "Shape_Leng": 1655799.6774633117, "Shape_Length": 8506.457729442081, "Shape_Area": 2968407.0000551166, "color": "#6174d1"}, "geometry": {"type": "MultiPolygon", "coordinates": [[[[-56.164347703039155, -34.835051073227085], [-56.18206211227722, -34.83680905659398], [-56.18731682212627, -34.83503265169073], [-56.18978290501722, -34.83363050283079], [-56.18784541804378, -34.831729023016116], [-56.18924539351379, -34.83090584491958], [-56.18457374256873, -34.826489596476904], [-56.183362244055346, -34.82731910609441], [-56.177689407922415, -34.82843448967023], [-56.17711970369801, -34.828080202577404], [-56.17439320274977, -34.82745865523126], [-56.170578823875715, -34.82694365056423], [-56.168342657988894, -34.826835803933356], [-56.154949257839974, -34.82535204716092], [-56.15461637477722, -34.82888618577653], [-56.1541613154258, -34.83143236264786], [-56.15172316129156, -34.833784443655446], [-56.16146347181658, -34.83461317186261], [-56.161438991009106, -34.83476274880853], [-56.163448375002936, -34.834962726577984], [-56.164347703039155, -34.835051073227085]]]]}}, {"type": "Feature", "properties": {"OBJECTID_1": 187, "OBJECTID": 371, "AREA": 3078039.241760057, "PERIMETER": 7523.957482061268, "Codigo": 372, "Shape_Leng": 3077876.450761461, "Shape_Length": 29317.968198628005, "Shape_Area": 26245831.1340685, "color": "#6c79e0"}, "geometry": {"type": "MultiPolygon", "coordinates": [[[[-55.920402657535035, -34.77658770358651], [-55.91931427111868, -34.77930470584321], [-55.918261760455096, -34.77911419050485], [-55.917896932735786, -34.780083367470496], [-55.91766294926737, -34.782032612938295], [-55.91675111042906, -34.7842169389784], [-55.90062547281812, -34.7809546425769], [-55.89986205380924, -34.78229365847766], [-55.897574971798974, -34.78414614684034], [-55.89642467046142, -34.78485972507095], [-55.89235861992364, -34.78623459597241], [-55.89135357369623, -34.78672287823367], [-55.89127417524255, -34.78693967423348], [-55.89025286643642, -34.787630253280646], [-55.88930463987162, -34.78865406856636], [-55.8839692803268, -34.79181085930636], [-55.88267087203965, -34.79234899188293], [-55.880808473860064, -34.79286389085856], [-55.87717127439706, -34.79438133615895], [-55.87576694604673, -34.79481471963014], [-55.87393805429701, -34.79501873066133], [-55.873095110987286, -34.7945600714151], [-55.87191611737794, -34.794197480327426], [-55.870349474351315, -34.793957520096306], [-55.869855013295336, -34.79414679768483], [-55.869383879157795, -34.79467894087373], [-55.867443548186145, -34.794638356356415], [-55.86629769323559, -34.794451853413165], [-55.864513057356696, -34.794516369447194], [-55.86222677652369, -34.79519678636663], [-55.86100248980085, -34.79499976722852], [-55.86002653603883, -34.79537199465052], [-55.86000379265099, -34.79568380273621], [-55.860421424588516, -34.79569186566939], [-55.86073310545239, -34.796004935767044], [-55.86189560178593, -34.79592564178646], [-55.868280341164244, -34.796494651869025], [-55.87302367496644, -34.79739980631476], [-55.87873195883635, -34.79925145337283], [-55.889906431004654, -34.80399772967796], [-55.90619365352628, -34.81165650894995], [-55.92432738036272, -34.82096607994711], [-55.9373823521393, -34.82824493979676], [-55.94327917103541, -34.83215114097874], [-55.94729765566973, -34.835405108145366], [-55.94857164963409, -34.836002242187504], [-55.94946120135057, -34.83617631819118], [-55.95255481321964, -34.83240069115143], [-55.954231814557225, -34.83118852318222], [-55.95569956082128, -34.82962686737992], [-55.956306068117016, -34.828306465411366], [-55.95648609671309, -34.82580132556158], [-55.95675323976501, -34.82459458102694], [-55.95705704447609, -34.82374263057394], [-55.9579864422429, -34.822126471291625], [-55.96454861099368, -34.81396241833026], [-55.96602694109859, -34.8111504573409], [-55.9670224609576, -34.8117645852693], [-55.96743520384195, -34.81130723356986], [-55.96756745742603, -34.81085164595184], [-55.967214228795925, -34.80809533687547], [-55.96602375201166, -34.8083281620335], [-55.96579191450208, -34.80780792937906], [-55.96526515924793, -34.80439423491428], [-55.963912570581826, -34.80255359274161], [-55.95414664154387, -34.79602824009286], [-55.945930262350686, -34.797693834407326], [-55.94486187065279, -34.79696329411549], [-55.94281180618987, -34.79532042625067], [-55.942748667738535, -34.79420364405041], [-55.94247894027671, -34.79356889222436], [-55.940671859969456, -34.79194694300303], [-55.94161498295024, -34.788186170025284], [-55.94261096381376, -34.78838110634222], [-55.94252134164745, -34.78775003871809], [-55.941392082294584, -34.78733115874084], [-55.94068355435224, -34.78684187790134], [-55.940558550539905, -34.78696913191115], [-55.93938806845845, -34.78670683099835], [-55.93909492525342, -34.78684317284977], [-55.93599866891054, -34.78622201634555], [-55.93624424431166, -34.785429407374274], [-55.929453176068414, -34.784082311436656], [-55.92993746248514, -34.782558614547725], [-55.92936589444049, -34.782450045598345], [-55.92844793131426, -34.78086108845374], [-55.92564350279438, -34.78118238264967], [-55.9250454915609, -34.781401733291304], [-55.922904264911594, -34.78425967306099], [-55.92212540142066, -34.78563896256506], [-55.91938821316451, -34.78509465755038], [-55.92188831553841, -34.77686367817794], [-55.920402657535035, -34.77658770358651]], [[-55.950423232684365, -34.800702363052736], [-55.95088847733346, -34.801011035591735], [-55.95049758059423, -34.80075214443923], [-55.950423232684365, -34.800702363052736]], [[-55.951219887773895, -34.80275419932966], [-55.951183764640604, -34.80276255352721], [-55.951229038786416, -34.80275127096052], [-55.951219887773895, -34.80275419932966]], [[-55.94115070796489, -34.80650366849025], [-55.941115775860986, -34.806515625185234], [-55.9411516526113, -34.80650331962967], [-55.94115070796489, -34.80650366849025]], [[-55.948065548211645, -34.816196126647284], [-55.95128660268359, -34.817971081044476], [-55.94722938967775, -34.81573520931963], [-55.948065548211645, -34.816196126647284]]]]}}, {"type": "Feature", "properties": {"OBJECTID_1": 194, "OBJECTID": 29, "AREA": 2953865.7558353776, "PERIMETER": 8546.887988993438, "Codigo": 43, "Shape_Leng": 1769216.8687303234, "Shape_Length": 7101.882843964315, "Shape_Area": 2306088.2198837725, "color": "#797fec"}, "geometry": {"type": "MultiPolygon", "coordinates": [[[[-56.128914461088456, -34.81990049382933], [-56.12801897894056, -34.81999573349456], [-56.12690585280508, -34.82277414828083], [-56.126610544632484, -34.82400867613332], [-56.126056949889616, -34.824284980144036], [-56.1264927487201, -34.82449872513998], [-56.126281827342034, -34.82559635863328], [-56.12350484640415, -34.83047527164853], [-56.13333023884372, -34.83171715802583], [-56.13531653418849, -34.83495534093717], [-56.13973510442464, -34.83567517079493], [-56.14726666219399, -34.836406236952264], [-56.142070948825605, -34.830095259422265], [-56.14073730599351, -34.83000613160856], [-56.140793167003345, -34.8263552052802], [-56.14047713210112, -34.822675675442625], [-56.139634437124776, -34.81943597791929], [-56.13143626998148, -34.81828063102417], [-56.130353566302325, -34.81829095606227], [-56.1299138068815, -34.818882036199675], [-56.12891253721214, -34.81891806923903], [-56.12891510430936, -34.81914109828139], [-56.128914461088456, -34.81990049382933]]]]}}, {"type": "Feature", "properties": {"OBJECTID_1": 197, "OBJECTID": 29, "AREA": 2953865.7558353776, "PERIMETER": 8546.887988993438, "Codigo": 48, "Shape_Leng": 1769216.8687303234, "Shape_Length": 6598.730074546783, "Shape_Area": 2099559.94772752, "color": "#4d4dcb"}, "geometry": {"type": "MultiPolygon", "coordinates": [[[[-56.13919677002024, -34.81690055646313], [-56.139634437124776, -34.81943597791929], [-56.14047713210112, -34.822675675442625], [-56.140793167003345, -34.8263552052802], [-56.14073730599351, -34.83000613160856], [-56.142070948825605, -34.830095259422265], [-56.1486190025815, -34.838031892964274], [-56.15172316129156, -34.833784443655446], [-56.1541613154258, -34.83143236264786], [-56.15461637477722, -34.82888618577653], [-56.154949257839974, -34.82535204716092], [-56.15581716802449, -34.82166458158697], [-56.148276017240235, -34.821512201088545], [-56.14812704302308, -34.81982959745869], [-56.148180926195614, -34.81773064554132], [-56.14626306043063, -34.81754966070609], [-56.14483793417043, -34.81770520941336], [-56.140634281438345, -34.81712384972646], [-56.13919677002024, -34.81690055646313]]]]}}, {"type": "Feature", "properties": {"OBJECTID_1": 199, "OBJECTID": 88, "AREA": 3808616.6562483856, "PERIMETER": 9704.066732093042, "Codigo": 19, "Shape_Leng": 3809074.6599296154, "Shape_Length": 2989.255404091426, "Shape_Area": 340486.5074834826, "color": "#5d57db"}, "geometry": {"type": "MultiPolygon", "coordinates": [[[[-56.123556597557524, -34.834709159382406], [-56.12501238993896, -34.83501677394006], [-56.12594240154233, -34.834851057051395], [-56.130318183503775, -34.832988400821094], [-56.13131642059362, -34.833579516233094], [-56.13222116481355, -34.834432549218405], [-56.13531653418849, -34.83495534093717], [-56.13333023884372, -34.83171715802583], [-56.12350484640415, -34.83047527164853], [-56.123277098118265, -34.833685825753115], [-56.123556496580875, -34.83470878082924], [-56.123556597557524, -34.834709159382406]]]]}}, {"type": "Feature", "properties": {"OBJECTID_1": 200, "OBJECTID": 47, "AREA": 3021782.4384602318, "PERIMETER": 8820.7304867749, "Codigo": 68, "Shape_Leng": 3021714.6993295196, "Shape_Length": 5061.827825816846, "Shape_Area": 1546265.4960298648, "color": "#7263e9"}, "geometry": {"type": "MultiPolygon", "coordinates": [[[[-56.21647837169618, -34.86686090885316], [-56.21707408497014, -34.86776584296873], [-56.217105172036376, -34.86810301496329], [-56.217511701344336, -34.86764786180056], [-56.218000820140055, -34.86813714251171], [-56.21895818221132, -34.86869489943588], [-56.221549057674515, -34.86901821676224], [-56.222842751870836, -34.869413965941625], [-56.22517264375455, -34.8677130258814], [-56.231526677594104, -34.86240393220648], [-56.228208097355086, -34.85988252924378], [-56.222748346894704, -34.85526169207422], [-56.221952529961406, -34.854413066452885], [-56.22079272849419, -34.85580003576814], [-56.21669318421856, -34.85912611999628], [-56.21192676313069, -34.86231663683477], [-56.21592146827475, -34.86544125942296], [-56.216146068427584, -34.86624000861638], [-56.21647837169618, -34.86686090885316]]]]}}, {"type": "Feature", "properties": {"OBJECTID_1": 203, "OBJECTID": 30, "AREA": 2463208.04022107, "PERIMETER": 6775.359321873545, "Codigo": 58, "Shape_Leng": 2463899.282600984, "Shape_Length": 3814.0167421730216, "Shape_Area": 692092.388364991, "color": "#9688dd"}, "geometry": {"type": "MultiPolygon", "coordinates": [[[[-56.17773595493455, -34.866310622976606], [-56.17670105552355, -34.86640384767996], [-56.17661151245738, -34.86616947689617], [-56.176296652750935, -34.86620157370577], [-56.17493879828437, -34.865009739723384], [-56.17168139086793, -34.86705232911558], [-56.17440822353984, -34.87031514009555], [-56.18602017753369, -34.87107732460435], [-56.18677511614511, -34.864411163820265], [-56.180304238864736, -34.86597313200739], [-56.178895967433675, -34.866153296163716], [-56.17773595493455, -34.866310622976606]]]]}}, {"type": "Feature", "properties": {"OBJECTID_1": 243, "OBJECTID": 31, "AREA": 2755955.5118753375, "PERIMETER": 7502.675856396703, "Codigo": 30, "Shape_Leng": 2755912.9128851686, "Shape_Length": 7406.8153787174015, "Shape_Area": 2093725.9374158364, "color": "#6242d7"}, "geometry": {"type": "MultiPolygon", "coordinates": [[[[-56.18686670279257, -34.8629643753898], [-56.18689707625217, -34.86246336201371], [-56.18686670279257, -34.8629643753898], [-56.18977982582335, -34.86223076870435], [-56.19118136767797, -34.86162480761403], [-56.18969095343941, -34.859287611411695], [-56.19001690108247, -34.85912934014649], [-56.18819359252139, -34.85673899109696], [-56.186463553578115, -34.85411716101507], [-56.18578640587119, -34.85420165032168], [-56.18449379589086, -34.850959287752126], [-56.17650231160182, -34.85741795296549], [-56.162723377718855, -34.86794866684048], [-56.16693718208508, -34.86950360740372], [-56.16958484424685, -34.86831345132702], [-56.17493879828437, -34.865009739723384], [-56.17630161878859, -34.866196952608455], [-56.17663270172488, -34.866186022401955], [-56.17670105552355, -34.86640384767996], [-56.17773595493455, -34.866310622976606], [-56.180304238864736, -34.86597313200739], [-56.18677515233449, -34.86441115504495], [-56.1868176884685, -34.86373873974973], [-56.18686670279257, -34.8629643753898]]]]}}, {"type": "Feature", "properties": {"OBJECTID_1": 246, "OBJECTID": null, "AREA": 19170733.712304637, "PERIMETER": 30691.178701377354, "Codigo": 98, "Shape_Leng": 19172764.704244014, "Shape_Length": 11147.716209518967, "Shape_Area": 3702462.9008231726, "color": "#784ce6"}, "geometry": {"type": "MultiPolygon", "coordinates": [[[[-56.241801308026325, -34.870824857035856], [-56.24360650670148, -34.87254170034219], [-56.244872467731575, -34.873452660377026], [-56.247821914654246, -34.873711342835435], [-56.247278383679436, -34.87268785433064], [-56.247818177601204, -34.871777580322615], [-56.25274073892813, -34.87237601737246], [-56.25241331426045, -34.87432368541581], [-56.26003487920975, -34.875342295040355], [-56.26096115613902, -34.87114995811036], [-56.260898199090946, -34.87031478952414], [-56.26120040146808, -34.86832777934053], [-56.26773447634335, -34.8692320039177], [-56.270992351627385, -34.853001884604076], [-56.27169576341146, -34.85266861360333], [-56.272406385527496, -34.85276031878321], [-56.26938651805382, -34.852561271256434], [-56.2676180525398, -34.85273907378105], [-56.266033035602696, -34.853126708832775], [-56.25794419163337, -34.85645420744054], [-56.256459579501254, -34.857431239642565], [-56.25626550208996, -34.856964732186384], [-56.25085465461825, -34.85631244738369], [-56.25049272084239, -34.858228688284605], [-56.24945376651121, -34.858072335841], [-56.24930393081699, -34.8590869376536], [-56.24943743616683, -34.85971388532447], [-56.24974860430387, -34.85993684310163], [-56.24988740677461, -34.86059610692403], [-56.25137251154816, -34.86035480452292], [-56.25210931417762, -34.863124470499294], [-56.24922702943455, -34.86419483391177], [-56.24824704951407, -34.86436010947942], [-56.24784948727489, -34.864091638531114], [-56.24777661682532, -34.863834192658125], [-56.24784111558979, -34.86339149055392], [-56.248304606000055, -34.862768898903184], [-56.24756387259285, -34.86224367344456], [-56.24558769216436, -34.863243535688035], [-56.24560605319764, -34.86348265413298], [-56.246120336420226, -34.864071972743545], [-56.24698076531201, -34.86441996421617], [-56.24728327227503, -34.86476449726228], [-56.246759527984786, -34.86558634339643], [-56.24706727645487, -34.86588131387645], [-56.247986794638834, -34.865224227402884], [-56.248157752071826, -34.86538391363568], [-56.2472238560133, -34.86603900429776], [-56.247335548640024, -34.866178733620806], [-56.242360601155134, -34.87035164520845], [-56.241801308026325, -34.870824857035856]]], [[[-56.241801308026325, -34.870824857035856], [-56.241794955591985, -34.87081877579353], [-56.24179481557882, -34.870818891244355], [-56.241801308026325, -34.870824857035856]]]]}}, {"type": "Feature", "properties": {"OBJECTID_1": 247, "OBJECTID": 47, "AREA": 650348.5568970642, "PERIMETER": 4432.897253313854, "Codigo": 4, "Shape_Leng": 4610268.0788374, "Shape_Length": 6943.90995605981, "Shape_Area": 2147778.4450661996, "color": "#9575d7"}, "geometry": {"type": "MultiPolygon", "coordinates": [[[[-56.23072438157418, -34.861744920230514], [-56.231526677594104, -34.86240393220648], [-56.23954225883018, -34.85577333504611], [-56.236620368719535, -34.85337339244253], [-56.23964738510612, -34.85190092613725], [-56.24751284981546, -34.84756886962277], [-56.24281980020014, -34.84214538525086], [-56.225929780862906, -34.85174242456672], [-56.222818675000696, -34.8533502043037], [-56.221952529961406, -34.854413066452885], [-56.222748346894704, -34.85526169207422], [-56.228208097355086, -34.85988252924378], [-56.22992283529141, -34.86109475015114], [-56.23072438157418, -34.861744920230514]]]]}}, {"type": "Feature", "properties": {"OBJECTID_1": 251, "OBJECTID": null, "AREA": 19170733.712304637, "PERIMETER": 30691.178701377354, "Codigo": 5, "Shape_Leng": 19172764.704244014, "Shape_Length": 4677.401301539355, "Shape_Area": 1041680.4339153107, "color": "#a781e4"}, "geometry": {"type": "MultiPolygon", "coordinates": [[[[-56.24477745770615, -34.86832951630566], [-56.24366235399079, -34.86926251716103], [-56.24422476736975, -34.86879427906157], [-56.24477745770615, -34.86832951630566]]], [[[-56.224051922806254, -34.870064956201205], [-56.22528075694843, -34.87212581166096], [-56.2298813445296, -34.87154404822299], [-56.230974421048515, -34.871730852905856], [-56.23133885529853, -34.871614370926466], [-56.23506933868091, -34.8724686830992], [-56.23643432838672, -34.872607740427426], [-56.23845009211807, -34.87242264759902], [-56.23983568264743, -34.87182550715714], [-56.2416452611258, -34.87068153134179], [-56.231526677594104, -34.86240393220648], [-56.22517264375455, -34.8677130258814], [-56.222842751870836, -34.869413965941625], [-56.22335063281621, -34.8695693255668], [-56.224051922806254, -34.870064956201205]]]]}}, {"type": "Feature", "properties": {"OBJECTID_1": 254, "OBJECTID": null, "AREA": null, "PERIMETER": null, "Codigo": 77, "Shape_Leng": null, "Shape_Length": 46511.01212629224, "Shape_Area": 56864343.73632536, "color": "#8436e2"}, "geometry": {"type": "MultiPolygon", "coordinates": [[[[-56.300703839938414, -34.84635472637077], [-56.29101211651999, -34.851120401865835], [-56.29020364843372, -34.8512256193772], [-56.28955207987543, -34.851023441630716], [-56.28959525073016, -34.852042367385], [-56.2905748611487, -34.851643128573535], [-56.29055275992426, -34.851827855865054], [-56.290641531616366, -34.8517607457227], [-56.290837955112984, -34.852054957383395], [-56.30751695190223, -34.8619935892159], [-56.31306409956795, -34.862588640176135], [-56.31722880361408, -34.86805861500796], [-56.31718600915582, -34.87149851814725], [-56.31664217100839, -34.8735875022515], [-56.31810295713303, -34.875687398069715], [-56.32838017137473, -34.87520390971065], [-56.32901324398754, -34.87606856784383], [-56.330021932040204, -34.87674592746577], [-56.330984714755814, -34.87768904062036], [-56.33293341671153, -34.87883594079156], [-56.33318040998956, -34.87867233666225], [-56.333967054061695, -34.87957321441285], [-56.33475692734169, -34.8787153385133], [-56.33508778486195, -34.87856385245359], [-56.33476114106244, -34.87819235177258], [-56.334224666955016, -34.87822999352985], [-56.33388012451046, -34.878043249391105], [-56.334545463107354, -34.877375095756115], [-56.33445470543308, -34.877180724616814], [-56.334809813824556, -34.87656497523573], [-56.334850052657345, -34.87606923764017], [-56.33507803257259, -34.87595325827214], [-56.334858065552886, -34.87575367198384], [-56.334915926188806, -34.87493791245515], [-56.33545064503625, -34.874435860968], [-56.335495079617225, -34.87409795069355], [-56.33561214843465, -34.874251886548905], [-56.33650421778183, -34.87361652120914], [-56.337179006661515, -34.87363823650118], [-56.33730940705324, -34.87349466859808], [-56.337270479843205, -34.873147285776454], [-56.33746256761809, -34.87298601907346], [-56.33839630462277, -34.87295052510188], [-56.33902351909478, -34.872507574047596], [-56.33890278030949, -34.872128185905865], [-56.339010822492625, -34.87212877330194], [-56.339107897758474, -34.87161981660924], [-56.33930386333904, -34.87157128578483], [-56.33998694718077, -34.87192216643399], [-56.34029167469027, -34.87186971564614], [-56.339916919596156, -34.87101553519418], [-56.340339116022164, -34.8704677635283], [-56.34140374968679, -34.8700497157183], [-56.343133883294314, -34.86969837747879], [-56.343501921122666, -34.870110658127906], [-56.34458786766652, -34.87027883024202], [-56.34479122681876, -34.87067669308265], [-56.34561277704746, -34.870383542195775], [-56.346297377297894, -34.870545029705575], [-56.34664608411942, -34.870118576026506], [-56.34629529694103, -34.870116690619845], [-56.34652946401816, -34.86990603972284], [-56.34716000888552, -34.86963890389303], [-56.3477621520048, -34.86976387068291], [-56.3481685631747, -34.8692159867045], [-56.34843643042048, -34.869239965962905], [-56.348386355611396, -34.869086401270884], [-56.348635273302975, -34.868911895014406], [-56.34845962610467, -34.868293259775555], [-56.34859588718591, -34.86800994065225], [-56.34903493540563, -34.86791760884866], [-56.34895510131606, -34.86815614344195], [-56.34965047921505, -34.86825003900654], [-56.349687713491946, -34.8681239940619], [-56.3499703370051, -34.86818411858558], [-56.350462805548986, -34.86790720976265], [-56.35054074599519, -34.86782196044028], [-56.35025346876199, -34.8676581118647], [-56.350657088451094, -34.86746188434096], [-56.35094668947165, -34.86663382629154], [-56.35144375484416, -34.86637948148674], [-56.35187027088079, -34.866575630547906], [-56.35229034266686, -34.86750666498251], [-56.35186269754378, -34.86884798425885], [-56.35218812042056, -34.8686828958857], [-56.35244670542641, -34.86797189579902], [-56.35269834847518, -34.86805890131147], [-56.35246639762446, -34.868774552491864], [-56.352551660323165, -34.869063564453604], [-56.35272741663019, -34.86897432582188], [-56.353110719600615, -34.86936411535929], [-56.352841031259196, -34.86896140441436], [-56.352998957508746, -34.86852940791645], [-56.35329872396448, -34.868409267205706], [-56.35371009231957, -34.86853318977462], [-56.35364576459712, -34.868889036587134], [-56.35233486848303, -34.870374446580165], [-56.35187533205484, -34.87046217228614], [-56.352328101992335, -34.87062689866223], [-56.35374834611529, -34.86897524747927], [-56.35379595879096, -34.86874555589776], [-56.35448260592961, -34.868645502581664], [-56.354884789066496, -34.86933296222058], [-56.355281844973966, -34.86927645482604], [-56.35572258094464, -34.86896768934238], [-56.35553300032948, -34.868813388244924], [-56.35574156295674, -34.86846281340519], [-56.35509912973645, -34.86762980349777], [-56.354408959631684, -34.86748186209975], [-56.354405512251006, -34.86731051245813], [-56.354874392511654, -34.866636693013334], [-56.35575117431121, -34.86591543753097], [-56.356493669825205, -34.865928386575085], [-56.356831604125915, -34.86617364541909], [-56.35682499234554, -34.86640806393861], [-56.356872681924685, -34.86625501966416], [-56.35722076994671, -34.866513857292695], [-56.35712811048101, -34.86655845465684], [-56.357746727248646, -34.866498601547036], [-56.35771427502109, -34.86671484874607], [-56.35915753681037, -34.866745007212046], [-56.36042709575165, -34.866512729171205], [-56.361296148666156, -34.86616561672936], [-56.361987932242805, -34.86530808232346], [-56.36240633474675, -34.86522911987116], [-56.363255087116904, -34.8654725296026], [-56.36369368327223, -34.86605645081732], [-56.364805846438166, -34.86619301850635], [-56.365782219336516, -34.86522423046681], [-56.36715266330249, -34.865384667112224], [-56.36780272404292, -34.86523475187578], [-56.368016868152154, -34.864861640822404], [-56.367963083016015, -34.86447361087659], [-56.36715634604209, -34.864189874085845], [-56.36697329556883, -34.86389585413314], [-56.36705838495825, -34.86349952916652], [-56.367671023394294, -34.862966177955975], [-56.36809939503835, -34.86283314290103], [-56.36840300368848, -34.862920386010515], [-56.36929769723031, -34.862519244216365], [-56.371186149490384, -34.86226300910786], [-56.37400607434637, -34.86225050582691], [-56.37487550274395, -34.8617500006383], [-56.37514744631914, -34.86123289433038], [-56.37588477543513, -34.861200610898784], [-56.37600636565094, -34.86085406260964], [-56.376987326857225, -34.860611111996164], [-56.37705752684995, -34.860187650865036], [-56.37688035761269, -34.85974488746622], [-56.37658901401228, -34.85939171318452], [-56.37597325483156, -34.85908196124439], [-56.37606667893758, -34.85893365244358], [-56.37594066184058, -34.85859935963919], [-56.37610309969888, -34.85827556435574], [-56.37713330829314, -34.85766314880037], [-56.377534337024464, -34.85779595539127], [-56.37795771081518, -34.85768540334492], [-56.37871969974798, -34.857824560545396], [-56.37963711459889, -34.857752595437915], [-56.379861549569405, -34.857456163649324], [-56.380072439359274, -34.857506834941645], [-56.3803639003289, -34.85711606042217], [-56.38064233218131, -34.85709493508691], [-56.380784935806616, -34.8573165892775], [-56.38114332737305, -34.85620475594868], [-56.38135604608761, -34.85610213730029], [-56.38150400943655, -34.85624716944043], [-56.38132926036857, -34.854109139453676], [-56.380934759442894, -34.85383660773257], [-56.38083747086877, -34.85304257463441], [-56.38041995808086, -34.85301339592768], [-56.38086844865413, -34.85237543907886], [-56.38168223651657, -34.851707777010596], [-56.38240078848293, -34.851431886139935], [-56.38313287226798, -34.85144912771591], [-56.38362348343063, -34.85194306776123], [-56.3839681219041, -34.852025971226055], [-56.38463391855517, -34.85194818448077], [-56.38484144230751, -34.85171477983307], [-56.385655634204404, -34.85172340403195], [-56.38586286663408, -34.85162074961891], [-56.386181731013586, -34.85103171428843], [-56.386635521678045, -34.85096186383511], [-56.386788049176, -34.850583898687226], [-56.38777032705596, -34.85014248183017], [-56.388197115085106, -34.8503024354321], [-56.38834908402909, -34.84990643046085], [-56.38899268116667, -34.849314511369904], [-56.389005635085105, -34.84894936824075], [-56.389177057414855, -34.84878791450744], [-56.38906959401655, -34.8486205512479], [-56.38929676814317, -34.8479453805419], [-56.38917616500675, -34.8475209529498], [-56.38931198536218, -34.84727365402066], [-56.389091761130985, -34.84710121578563], [-56.38889021021966, -34.84643741776639], [-56.38947200135315, -34.84578657139247], [-56.39023865690859, -34.84528092890815], [-56.39227970908339, -34.84456974443003], [-56.39349100927092, -34.84448561555538], [-56.39404099787232, -34.84396985072357], [-56.39569362950096, -34.84345505776835], [-56.3961507979518, -34.8436647307064], [-56.39605979868017, -34.84348843767986], [-56.39685373333367, -34.84345179841021], [-56.39924058254413, -34.843964081938324], [-56.399957034790646, -34.84254736196906], [-56.401311012500706, -34.84201298355311], [-56.40201655375675, -34.842097611695024], [-56.402295973165515, -34.84193216120914], [-56.40285246413334, -34.84192587694926], [-56.4034645528154, -34.84207766916541], [-56.403609501805406, -34.841979187386585], [-56.40353316907975, -34.84185256802034], [-56.40388794248724, -34.84194899100999], [-56.404131974596346, -34.84176081908448], [-56.40483527543896, -34.84206184005749], [-56.406196294670885, -34.84196929931946], [-56.406494630569384, -34.84211954423489], [-56.406614279892224, -34.841926251582464], [-56.40713357167657, -34.842055028868835], [-56.40708372643986, -34.84185640074208], [-56.40764008765289, -34.84186812895513], [-56.407905812762294, -34.841513231141775], [-56.408411349806116, -34.84136690199935], [-56.4086010327266, -34.841512104529635], [-56.408952862929226, -34.841351499448166], [-56.40942053314089, -34.841529612439416], [-56.4094882311524, -34.841430748506], [-56.40906681820488, -34.84128442179173], [-56.409355218343705, -34.84129484005088], [-56.409093205659474, -34.841131252316494], [-56.40921715625058, -34.84110029311086], [-56.41013189355186, -34.84146994162747], [-56.41016349031837, -34.841352867217495], [-56.40970177080059, -34.84110715462639], [-56.4102316375352, -34.84119088246734], [-56.410572952686934, -34.841066291727515], [-56.411138310478314, -34.84125388897432], [-56.41096009763975, -34.840937413208685], [-56.41138842512175, -34.84088087283224], [-56.41116884534293, -34.8406137934854], [-56.41132442127819, -34.84046124879717], [-56.41167402828247, -34.84061172918317], [-56.411901473167724, -34.84044600506783], [-56.412272453266816, -34.840474850652036], [-56.41222375034442, -34.84011391480554], [-56.41280901048003, -34.839616269426], [-56.413200909730826, -34.839586599301335], [-56.41330275046083, -34.839780967104176], [-56.41377566614059, -34.83999064999728], [-56.413759049326636, -34.840116815111735], [-56.41404256540405, -34.84014072497251], [-56.41421298175591, -34.840015300576745], [-56.41386453548242, -34.83979720169749], [-56.41433823812971, -34.839799483364814], [-56.41475745306994, -34.83958057192113], [-56.416744077100965, -34.83994630575078], [-56.41764104360322, -34.83983337563588], [-56.41904963590964, -34.839578603198184], [-56.41941488856116, -34.838962647070815], [-56.419858744590734, -34.83883401072524], [-56.420006324979326, -34.838356785938124], [-56.420859809477506, -34.83790997633646], [-56.421731899163824, -34.83773377477917], [-56.42326076756092, -34.837966471180906], [-56.4238128552613, -34.837901456092304], [-56.425122351137645, -34.83704647817409], [-56.42525886160552, -34.836681913458285], [-56.42554818787224, -34.83655703474633], [-56.425280902832206, -34.836461088215984], [-56.42582995245667, -34.836044366009105], [-56.42581514398948, -34.8352237011217], [-56.42846639129078, -34.83485745009141], [-56.4284884857176, -34.834627606876026], [-56.42898897394827, -34.83450822051102], [-56.42891254659325, -34.834390633840336], [-56.42914568826126, -34.834184324899546], [-56.428762183803414, -34.83379477079577], [-56.42877660909851, -34.833190663878874], [-56.42892673298017, -34.8330290531199], [-56.42949938184572, -34.83295058219875], [-56.42951606637357, -34.83281088867381], [-56.429253044213, -34.832791619876716], [-56.42919013764183, -34.83220067625674], [-56.42944393186887, -34.83207111258366], [-56.429673183206816, -34.83163483712057], [-56.42918598386074, -34.83131693834407], [-56.42894739182958, -34.83082887167041], [-56.42970077517838, -34.83070616025751], [-56.430405568094464, -34.83079062002579], [-56.43067439265738, -34.83066112409646], [-56.431169593454996, -34.829815791964776], [-56.4308086199876, -34.829133279403486], [-56.43097047429686, -34.82885449281918], [-56.43081277710252, -34.82852912366509], [-56.43087664722663, -34.828285948869826], [-56.43125428641775, -34.82803522374345], [-56.43046995272663, -34.82749501078493], [-56.42913081886778, -34.82742561166894], [-56.42804693627885, -34.82691553857907], [-56.426896996983686, -34.827063425201004], [-56.4251885385535, -34.825260874526165], [-56.42423975264868, -34.824692791777764], [-56.42298601047863, -34.82346046629381], [-56.42234864998543, -34.823222985730254], [-56.42206802350928, -34.822793319701105], [-56.42144264579637, -34.822407101843226], [-56.42061333246051, -34.82235355893425], [-56.42053187127691, -34.822177328874176], [-56.42008455454633, -34.822130109887354], [-56.41895830849416, -34.822512490896145], [-56.41846436055122, -34.82248758710206], [-56.41816832378179, -34.822017259540345], [-56.417866693095746, -34.82243964123124], [-56.417813047235775, -34.82200203372567], [-56.41734204963296, -34.821630059802025], [-56.41754975366078, -34.82134700167783], [-56.417489675836556, -34.82114381932226], [-56.41693551697896, -34.82083907721241], [-56.41727266777791, -34.82051606083371], [-56.41728644298513, -34.820015653049154], [-56.41690657252756, -34.81980642960946], [-56.416096931275725, -34.81987468717374], [-56.416011143871046, -34.81963531049815], [-56.416543057699734, -34.819507107960106], [-56.41598300071505, -34.81926545604307], [-56.416010369328276, -34.81906720139319], [-56.4153357926688, -34.818978295075176], [-56.41501445420011, -34.81928785586749], [-56.414844514699894, -34.81925547728928], [-56.41462034223302, -34.81887115329022], [-56.41419830019496, -34.81882854311383], [-56.413824165616845, -34.81858326751044], [-56.41376166615015, -34.817951738164], [-56.41391212313628, -34.81783974365415], [-56.41336220793381, -34.81761616364973], [-56.41364679690034, -34.817477763444934], [-56.41358553681643, -34.81734671377975], [-56.412168530786765, -34.81739398152159], [-56.41220056331277, -34.817213785338126], [-56.41196976695929, -34.81709093328516], [-56.411443104404825, -34.81725070273588], [-56.411021906702125, -34.81709085756371], [-56.410341411843206, -34.81716421081566], [-56.409972240596204, -34.8168964035868], [-56.40949281649026, -34.816948183098674], [-56.40914389970314, -34.81681122607548], [-56.409175938559095, -34.816631030735174], [-56.40890365661452, -34.816480918798916], [-56.409050936292516, -34.816048791958096], [-56.40883017282202, -34.81595754410729], [-56.409032174109996, -34.81580522706765], [-56.40890993595491, -34.81560173850294], [-56.41007353069771, -34.81495812200657], [-56.41000733397563, -34.81484959046368], [-56.408628026502946, -34.8154605967231], [-56.408108279750266, -34.815322806359745], [-56.40809505175589, -34.81507025068411], [-56.40847150574987, -34.814986414658286], [-56.408107075407116, -34.814822326607484], [-56.407939147572904, -34.81451040421452], [-56.407558551688545, -34.814409358704516], [-56.4069186567398, -34.81454150467326], [-56.40739017479891, -34.814160556202005], [-56.40709323430843, -34.81392465340545], [-56.40717830802643, -34.81359141859709], [-56.40662805203505, -34.81275461319927], [-56.40666297110617, -34.81217315145766], [-56.40696536332442, -34.811647098803874], [-56.4058503319579, -34.81124037845765], [-56.405499605446735, -34.810598419246055], [-56.40445809658479, -34.81004325573624], [-56.40444643519064, -34.80947960158005], [-56.405619522468974, -34.8082679672107], [-56.40551822321973, -34.80800596324626], [-56.40410709991927, -34.8080170965018], [-56.403394091256445, -34.80682779428943], [-56.40253036044276, -34.80664320554569], [-56.400784894421555, -34.80583656955772], [-56.40078053773756, -34.80568324963454], [-56.40107987697414, -34.80558102130996], [-56.40095184642486, -34.80552177700872], [-56.399705466125546, -34.80552916151843], [-56.39850656807997, -34.80530231149668], [-56.39775926564934, -34.80536624718759], [-56.39683542248755, -34.80490177639033], [-56.39443798836588, -34.804497606494785], [-56.393966997590454, -34.80415259479885], [-56.39349981899854, -34.80319440646008], [-56.39225767700547, -34.802629121165076], [-56.391734912119865, -34.80226580715363], [-56.39158341498518, -34.80186827733953], [-56.39096106511833, -34.80176146248746], [-56.390943593048604, -34.80200034030989], [-56.39050354262402, -34.80163292617036], [-56.389778791783876, -34.801421890490225], [-56.38890232942707, -34.800844877740666], [-56.389211647673854, -34.80077879885437], [-56.38924719962191, -34.80021988867511], [-56.38962277324656, -34.80024882557111], [-56.38938307295153, -34.79995455248964], [-56.3891765072757, -34.799985077363786], [-56.38916509494112, -34.80014282736143], [-56.38896130786161, -34.7998893127163], [-56.38922456254385, -34.799768897128935], [-56.389103494042, -34.79941660465874], [-56.388800593887716, -34.799261785336924], [-56.389095574007236, -34.79910095030944], [-56.38898083759141, -34.79863146118394], [-56.38965084914981, -34.79857170023258], [-56.388379007033656, -34.79778529623249], [-56.38728104858799, -34.79787896673343], [-56.385747542298596, -34.79774048207567], [-56.38357054988372, -34.79822994970208], [-56.38131966412187, -34.79827263355061], [-56.37966843222907, -34.7979801753469], [-56.377972617147286, -34.79743948415254], [-56.37760503866243, -34.79771264037401], [-56.37553242301559, -34.79803567294229], [-56.374648026054935, -34.79843692174891], [-56.37349740633629, -34.79871505694601], [-56.37314531666668, -34.79901533191079], [-56.372843506903315, -34.79872070661022], [-56.372116845431606, -34.79877106514557], [-56.37162917273645, -34.798570162097704], [-56.371700190293744, -34.79875538853012], [-56.37148795058252, -34.79881290672173], [-56.37072221355525, -34.79861056372665], [-56.36930582068273, -34.798616758239135], [-56.36894432719583, -34.798804252884096], [-56.3696784247423, -34.79912367131369], [-56.36943457990775, -34.799293741565094], [-56.36787374216161, -34.79933524104623], [-56.36724377327414, -34.7995168270392], [-56.36494382058061, -34.79927039117016], [-56.36483639169754, -34.79920219895818], [-56.36530821971314, -34.79879436216768], [-56.36499681312195, -34.79841850958896], [-56.36442951027776, -34.798447109712335], [-56.364191355711114, -34.798675813189746], [-56.3641997000027, -34.79892383928349], [-56.36263374900586, -34.79892015714581], [-56.36306403891093, -34.798584251907975], [-56.3624286846486, -34.797512345975406], [-56.362021357636834, -34.79619815835741], [-56.36079187531361, -34.795362092907325], [-56.358400416872094, -34.795480264000524], [-56.357815017118995, -34.79537798357752], [-56.35655323535412, -34.79439742432106], [-56.35676915089455, -34.794042372483695], [-56.356483375897184, -34.79371623012289], [-56.35657292251755, -34.79344617709201], [-56.35770639579862, -34.79343863759127], [-56.35781346752066, -34.79327540330244], [-56.357240782000396, -34.79234054726255], [-56.35631315700476, -34.791883371563706], [-56.355895421867, -34.791851087211946], [-56.35614446118235, -34.791613348685964], [-56.355710239858695, -34.79184099846875], [-56.35468619620453, -34.791046537751235], [-56.35469279225393, -34.78963502284119], [-56.35491240742921, -34.789064632783415], [-56.35612506083987, -34.788132470369426], [-56.356139304235185, -34.787780438991604], [-56.3556917263166, -34.78693084228992], [-56.355648255378824, -34.78654736596726], [-56.355261523343, -34.78615861638666], [-56.35458051063118, -34.78853419667128], [-56.351213907590896, -34.7944490328093], [-56.35052461580193, -34.79543449618582], [-56.34345696298005, -34.80333050845499], [-56.34258830771838, -34.80462731649591], [-56.341921093783064, -34.80598767809697], [-56.34148905519217, -34.80793238030255], [-56.34150610264226, -34.80896325682643], [-56.34335941903093, -34.817219546155485], [-56.34364126645258, -34.81988652646126], [-56.34297821612648, -34.82229851949273], [-56.34206882374357, -34.82392828064253], [-56.34052835603073, -34.82552337951436], [-56.33831848465759, -34.82713564236089], [-56.33427140499679, -34.82959008917506], [-56.300804308321794, -34.846454625605666], [-56.300703839938414, -34.84635472637077]]]]}}, {"type": "Feature", "properties": {"OBJECTID_1": 257, "OBJECTID": null, "AREA": null, "PERIMETER": null, "Codigo": 85, "Shape_Leng": null, "Shape_Length": 4274.793689584844, "Shape_Area": 1100277.9215778052, "color": "#9961d1"}, "geometry": {"type": "MultiPolygon", "coordinates": [[[[-56.18436746562137, -34.89522211807178], [-56.179567002888604, -34.90329330181611], [-56.18507447181226, -34.90539523688828], [-56.192494206359065, -34.905977790113894], [-56.19355136258782, -34.896095373501346], [-56.19064350963869, -34.89588391809854], [-56.19046629864964, -34.89542478983607], [-56.18877294725248, -34.895964729275505], [-56.18777102574889, -34.89653759506486], [-56.1852263606277, -34.895572206886904], [-56.18436746562137, -34.89522211807178]]]]}}, {"type": "Feature", "properties": {"OBJECTID_1": 260, "OBJECTID": null, "AREA": 3862166.193079102, "PERIMETER": 9523.954342027133, "Codigo": 26, "Shape_Leng": 3861468.7124786484, "Shape_Length": 4293.276444411373, "Shape_Area": 597135.4581012498, "color": "#ac6ce0"}, "geometry": {"type": "MultiPolygon", "coordinates": [[[[-56.152606913794756, -34.879370045752566], [-56.15412205779663, -34.88059731010996], [-56.15437216701548, -34.88044523517278], [-56.158890497007164, -34.874414166262284], [-56.159323233650326, -34.87401934342066], [-56.16693718209417, -34.86950360650205], [-56.16272191835221, -34.867948654086135], [-56.14964949680806, -34.877956185433106], [-56.15237021640732, -34.87927274222474], [-56.152606913794756, -34.879370045752566]]]]}}, {"type": "Feature", "properties": {"OBJECTID_1": 261, "OBJECTID": null, "AREA": 3862166.193079102, "PERIMETER": 9523.954342027133, "Codigo": 28, "Shape_Leng": 3861468.7124786484, "Shape_Length": 3577.9312917094476, "Shape_Area": 615738.4735232764, "color": "#c079ec"}, "geometry": {"type": "MultiPolygon", "coordinates": [[[[-56.14874207940117, -34.87862404064488], [-56.14246360483908, -34.883290672257566], [-56.145386864695226, -34.88416183201709], [-56.1434164732787, -34.88724664551131], [-56.14761681161684, -34.88878010002036], [-56.15201410332659, -34.882572029348054], [-56.153199020278194, -34.88123982868708], [-56.15412205779663, -34.88059731010996], [-56.152606913794756, -34.879370045752566], [-56.14964949680806, -34.877956185433106], [-56.14910168363287, -34.87835879004659], [-56.14874207940117, -34.87862404064488]]]]}}, {"type": "Feature", "properties": {"OBJECTID_1": 273, "OBJECTID": 88, "AREA": 4694533.72033096, "PERIMETER": 11634.672704527928, "Codigo": 74, "Shape_Leng": 4697910.2122001825, "Shape_Length": 9575.60679993942, "Shape_Area": 3809890.9334711186, "color": "#a14dcb"}, "geometry": {"type": "MultiPolygon", "coordinates": [[[[-56.099317930546704, -34.85922072386359], [-56.104780808947964, -34.87093613209532], [-56.10773361976816, -34.869915999367436], [-56.10833462620556, -34.86986967818764], [-56.1132886670635, -34.87053971737144], [-56.11684430374684, -34.87154887770535], [-56.12087070368538, -34.87223062052494], [-56.12559536037611, -34.87333991675206], [-56.134353367666904, -34.867121132211345], [-56.1339955085237, -34.86491264055437], [-56.133648163677016, -34.85859010767954], [-56.12294488254537, -34.86292644270781], [-56.12448514202956, -34.860464006195755], [-56.12115416614678, -34.858745591655904], [-56.120000510030174, -34.8604202443514], [-56.120083817583556, -34.86053441258905], [-56.11974560760603, -34.86131452014346], [-56.11923048133516, -34.861190498760244], [-56.11787867247434, -34.860279380024636], [-56.11736660373579, -34.859670748498665], [-56.116930059801774, -34.85885283936785], [-56.11655154300124, -34.857634734170894], [-56.113842604366155, -34.85741271247495], [-56.099317930546704, -34.85922072386359]]]]}}, {"type": "Feature", "properties": {"OBJECTID_1": 276, "OBJECTID": 51, "AREA": 822922.394187269, "PERIMETER": 3910.3406145587032, "Codigo": 37, "Shape_Leng": 822989.6325161429, "Shape_Length": 2924.283940201871, "Shape_Area": 246552.60502096429, "color": "#b657db"}, "geometry": {"type": "MultiPolygon", "coordinates": [[[[-56.18526765872066, -34.87565583536365], [-56.186020236576645, -34.87107732860654], [-56.17441414859243, -34.87027207940011], [-56.17671857206203, -34.8728821463168], [-56.177146136413135, -34.87245048320874], [-56.18307435398485, -34.872796650162634], [-56.18515733679878, -34.87548742909469], [-56.18526765872066, -34.87565583536365]], [[-56.18227640340345, -34.87085218450383], [-56.182265948389826, -34.870824192079674], [-56.18227643511282, -34.87085218652056], [-56.18227695102361, -34.87085356422876], [-56.18227648120625, -34.87085239332702], [-56.18227640340345, -34.87085218450383]]]]}}, {"type": "Feature", "properties": {"OBJECTID_1": 278, "OBJECTID": 90, "AREA": 1373446.1641556916, "PERIMETER": 4872.015292204541, "Codigo": 86, "Shape_Leng": 1373418.5426372478, "Shape_Length": 4819.638285447471, "Shape_Area": 1420133.2598971077, "color": "#cc63e9"}, "geometry": {"type": "MultiPolygon", "coordinates": [[[[-56.1782930679455, -34.91469158080952], [-56.178508444021716, -34.91504921819158], [-56.1787530631741, -34.91515006132151], [-56.17910566617411, -34.91512539202919], [-56.179414573963385, -34.914816383392356], [-56.184411768946504, -34.91580801428834], [-56.18453339980808, -34.9159621238095], [-56.18521161461984, -34.916110881563476], [-56.18792586603456, -34.91541217908187], [-56.1918126197382, -34.91349327337121], [-56.192494206359065, -34.905977790113894], [-56.18507447181226, -34.90539523688828], [-56.179567002888604, -34.90329330181611], [-56.178356548127425, -34.90542321464667], [-56.178608794848095, -34.9063918620577], [-56.17784189576006, -34.91465246019247], [-56.1782930679455, -34.91469158080952]]]]}}, {"type": "Feature", "properties": {"OBJECTID_1": 279, "OBJECTID": 56, "AREA": 1797704.2228150424, "PERIMETER": 9639.350409127639, "Codigo": 6, "Shape_Leng": 1797608.6697254016, "Shape_Length": 4087.9924486856808, "Shape_Area": 614362.7734058845, "color": "#cf88dd"}, "geometry": {"type": "MultiPolygon", "coordinates": [[[[-56.18642526991181, -34.88210803294839], [-56.1872892022546, -34.882168797204116], [-56.19325101215256, -34.88491183257608], [-56.19599658825766, -34.88510193514168], [-56.19850258455064, -34.88489587490886], [-56.198773370266956, -34.88403133938946], [-56.19986680320313, -34.88292039485325], [-56.20028394092611, -34.88285550979824], [-56.201061876519134, -34.88317623062807], [-56.20155666973052, -34.88293150532579], [-56.20170486477069, -34.882670976544844], [-56.2016075911572, -34.88240432707939], [-56.20066774887686, -34.881934857978315], [-56.19107732723, -34.879693742095185], [-56.189645161427855, -34.87813913482177], [-56.187238063925776, -34.8774482619839], [-56.18747269410391, -34.8763056249503], [-56.18565744045565, -34.87637842739618], [-56.18625465200362, -34.87759738378341], [-56.18633293487596, -34.88183401586208], [-56.18642526991181, -34.88210803294839]]]]}}, {"type": "Feature", "properties": {"OBJECTID_1": 282, "OBJECTID": 81, "AREA": 1629026.3793029492, "PERIMETER": 5746.874530514191, "Codigo": 91, "Shape_Leng": 1629026.3025840225, "Shape_Length": 7187.685232394702, "Shape_Area": 960868.8464666202, "color": "#c542d7"}, "geometry": {"type": "MultiPolygon", "coordinates": [[[[-56.192494206359065, -34.905977790113894], [-56.1918126197382, -34.91349327337121], [-56.19331902650053, -34.912927776617295], [-56.19463122007468, -34.91265243629169], [-56.19809594717209, -34.91278355583873], [-56.199167149636835, -34.91255110135924], [-56.19973658823835, -34.91259993892918], [-56.19948633428915, -34.91237285903922], [-56.1997176555547, -34.912365365339014], [-56.19965342368478, -34.91221615743869], [-56.19996528365608, -34.912087460560976], [-56.200061045049054, -34.91117283831869], [-56.20021329904046, -34.910993495067714], [-56.203053415398365, -34.91040799614354], [-56.203591758238346, -34.91070007798377], [-56.20419612471146, -34.91046057078418], [-56.20479910570219, -34.910577233752534], [-56.20896126280918, -34.91188485030804], [-56.21058685147775, -34.91202617135871], [-56.21059889390949, -34.912197577803106], [-56.21068481045576, -34.912013281741594], [-56.212371971993505, -34.91158238180492], [-56.213512265225475, -34.910886419232725], [-56.214411138393274, -34.91111315653848], [-56.214910381575756, -34.91084586442517], [-56.22293074631349, -34.913386183652655], [-56.21693261463051, -34.911436017703096], [-56.21692549540557, -34.91099216020901], [-56.21365723513934, -34.910391632438646], [-56.200876134794235, -34.906282135900916], [-56.200907436602876, -34.906059124462054], [-56.19874808025379, -34.905947878733684], [-56.198691571778845, -34.906435343409164], [-56.19362309068809, -34.90606924173762], [-56.192494206359065, -34.905977790113894]]]]}}, {"type": "Feature", "properties": {"OBJECTID_1": 283, "OBJECTID": null, "AREA": null, "PERIMETER": null, "Codigo": 87, "Shape_Leng": null, "Shape_Length": 25558.764367954307, "Shape_Area": 30122234.37782609, "color": "#de4ce6"}, "geometry": {"type": "MultiPolygon", "coordinates": [[[[-56.32496199198992, -34.78259598557483], [-56.321530247431596, -34.7831754161576], [-56.32036685018196, -34.783584817831105], [-56.319397950742186, -34.784678084988705], [-56.31558513928104, -34.79124002048195], [-56.313614952529136, -34.793570446491174], [-56.31287868007761, -34.79429473182678], [-56.31207969170531, -34.794782550602385], [-56.30840576987611, -34.79584273559803], [-56.3102444744603, -34.79705224068026], [-56.31075497468002, -34.79758472328728], [-56.29482023637202, -34.8056370562408], [-56.292877631078376, -34.80724961235456], [-56.288890068613064, -34.809767201896165], [-56.28088312932418, -34.81379153466691], [-56.2788868728632, -34.809308962939554], [-56.274085520790706, -34.81053651807191], [-56.26864851150459, -34.809178018873695], [-56.267859307504004, -34.8088571450068], [-56.27167036960062, -34.818627551469255], [-56.28150875749562, -34.83195421506878], [-56.29308662838404, -34.85013160939281], [-56.300703839938414, -34.84635472637077], [-56.300804308321794, -34.846454625605666], [-56.33427140499679, -34.82959008917506], [-56.33831848465759, -34.82713564236089], [-56.34052835603073, -34.82552337951436], [-56.34206882374357, -34.82392828064253], [-56.34297821612648, -34.82229851949273], [-56.34364126645258, -34.81988652646126], [-56.34359935557699, -34.81880345791619], [-56.34150610264226, -34.80896325682643], [-56.34148905519217, -34.80793238030255], [-56.341921093783064, -34.80598767809697], [-56.34258830771838, -34.80462731649591], [-56.34345696298005, -34.80333050845499], [-56.35052461580193, -34.79543449618582], [-56.351213907590896, -34.7944490328093], [-56.35458051063118, -34.78853419667128], [-56.355261523343, -34.78615861638666], [-56.354111568489955, -34.78504058819725], [-56.3542358929772, -34.785283677685946], [-56.35363660547902, -34.78564847100574], [-56.350251396744376, -34.785888284443246], [-56.348250550763154, -34.78629523115945], [-56.34713485569018, -34.7859221538941], [-56.34560446005477, -34.78475580252285], [-56.34500283179668, -34.78448620975833], [-56.34358604824509, -34.78431870296438], [-56.34151311968525, -34.783663306433574], [-56.33238917299078, -34.78177558077332], [-56.33035358543754, -34.781775981945614], [-56.324968595858735, -34.78259488778908], [-56.32496199198992, -34.78259598557483]], [[-56.29229300779224, -34.83599382789065], [-56.29230236530241, -34.836006976562075], [-56.292222800124875, -34.83594245101238], [-56.29229300779224, -34.83599382789065]]]]}}, {"type": "Feature", "properties": {"OBJECTID_1": 284, "OBJECTID": null, "AREA": null, "PERIMETER": null, "Codigo": 460, "Shape_Leng": null, "Shape_Length": 11771.470140584457, "Shape_Area": 10001340.79262449, "color": "#d775d7"}, "geometry": {"type": "MultiPolygon", "coordinates": [[[[-56.27984658431234, -34.50878654754816], [-56.26777983511716, -34.52166326340194], [-56.26847458727245, -34.53006352904136], [-56.27450268975399, -34.54333523215834], [-56.28029437049627, -34.546544570951106], [-56.28511894250547, -34.546302230904544], [-56.29017392582998, -34.54667605811706], [-56.29607413594814, -34.54588601281732], [-56.300851844991776, -34.53993570861143], [-56.30292685295074, -34.5331007091851], [-56.29874477341754, -34.522419724159995], [-56.29677100416133, -34.515371559135474], [-56.291855768030096, -34.51225081708089], [-56.281240811264155, -34.508904200819394], [-56.27984658431234, -34.50878654754816]]]]}}, {"type": "Feature", "properties": {"OBJECTID_1": 285, "OBJECTID": null, "AREA": null, "PERIMETER": null, "Codigo": 470, "Shape_Leng": null, "Shape_Length": 16378.779863748923, "Shape_Area": 17824387.953714285, "color": "#e481df"}, "geometry": {"type": "MultiPolygon", "coordinates": [[[[-55.84539264867698, -34.75498551120818], [-55.84021501781183, -34.77510527896796], [-55.83752797363071, -34.78485757498913], [-55.84321762558224, -34.788241790151815], [-55.851783769457406, -34.79108558126071], [-55.86000507667475, -34.79566619982504], [-55.86002653603883, -34.79537199465052], [-55.86100248980085, -34.79499976722852], [-55.86222677652369, -34.79519678636663], [-55.864513057356696, -34.794516369447194], [-55.86629769323559, -34.794451853413165], [-55.867443548186145, -34.794638356356415], [-55.869383879157795, -34.79467894087373], [-55.869855013295336, -34.79414679768483], [-55.870349474351315, -34.793957520096306], [-55.87191611737794, -34.794197480327426], [-55.873095110987286, -34.7945600714151], [-55.87393805429701, -34.79501873066133], [-55.8743942341348, -34.795031967924565], [-55.87576694604673, -34.79481471963014], [-55.87717127439706, -34.79438133615895], [-55.880808473860064, -34.79286389085856], [-55.88267087203965, -34.79234899188293], [-55.8839692803268, -34.79181085930636], [-55.88930463987162, -34.78865406856636], [-55.89025286643642, -34.787630253280646], [-55.89127417524255, -34.78693967423348], [-55.89135357369623, -34.78672287823367], [-55.89235861992364, -34.78623459597241], [-55.89642467046142, -34.78485972507095], [-55.897574971798974, -34.78414614684034], [-55.89986205380924, -34.78229365847766], [-55.9005770808691, -34.781069273760856], [-55.88905547070106, -34.76772619919379], [-55.861903091839025, -34.75443887097685], [-55.84539264867698, -34.75498551120818]]]]}}, {"type": "Feature", "properties": {"OBJECTID_1": 287, "OBJECTID": 44, "AREA": 3550783.505107796, "PERIMETER": 8015.218330832495, "Codigo": 38, "Shape_Leng": 3551153.0432649255, "Shape_Length": 7638.058088661923, "Shape_Area": 2038589.9113266212, "color": "#e236ce"}, "geometry": {"type": "MultiPolygon", "coordinates": [[[[-56.14344846386893, -34.859015576373885], [-56.14298873163745, -34.85945800733077], [-56.14181174280277, -34.85788805860948], [-56.13808185465966, -34.85973959859153], [-56.14004197499638, -34.86203766370175], [-56.14105452983236, -34.862648200661994], [-56.14238077506935, -34.8633458236388], [-56.14528090290593, -34.86450298676892], [-56.14669584514022, -34.86542650147993], [-56.14781793977385, -34.86650837260645], [-56.152383581574576, -34.86807359107628], [-56.15179565215359, -34.867934082099985], [-56.152419149740496, -34.868338768888805], [-56.15240115632729, -34.87585936674924], [-56.16389065718136, -34.867080778996936], [-56.163533332912216, -34.866755464054805], [-56.15981213685228, -34.86493719015618], [-56.15594623281821, -34.86185755105029], [-56.153287869699426, -34.85754410620701], [-56.15287853416676, -34.854912181858055], [-56.14979952563522, -34.856196717130004], [-56.14899700792479, -34.856787170446864], [-56.14734952842733, -34.856905280335475], [-56.14586586068724, -34.85753005110692], [-56.14381709890897, -34.85773133510285], [-56.143525357964016, -34.85894180640779], [-56.14344846386893, -34.859015576373885]], [[-56.14729254545167, -34.86085689658815], [-56.147114682987244, -34.86107806182493], [-56.14728107649298, -34.86085071776461], [-56.14729254545167, -34.86085689658815]], [[-56.15806461338496, -34.866410091820114], [-56.15807731115057, -34.86641436827672], [-56.15807005742431, -34.86641212865084], [-56.15806461338496, -34.866410091820114]], [[-56.15828509528479, -34.8664843427985], [-56.15828602483705, -34.86648470361309], [-56.15825006133673, -34.86647254460596], [-56.15828509528479, -34.8664843427985]], [[-56.15890139349581, -34.866723348542244], [-56.15906719222251, -34.866787645267856], [-56.1590463570676, -34.866780112395325], [-56.15890139349581, -34.866723348542244]]]]}}, {"type": "Feature", "properties": {"OBJECTID_1": 288, "OBJECTID": 7, "AREA": 28626029.24997092, "PERIMETER": 27996.29908852754, "Codigo": 450, "Shape_Leng": 28586009.428299405, "Shape_Length": 17925.095254983728, "Shape_Area": 14513480.222531166, "color": "#d161be"}, "geometry": {"type": "MultiPolygon", "coordinates": [[[[-56.21470657819497, -34.75251312636416], [-56.201035913731126, -34.76028347489154], [-56.18750574686021, -34.766851743951314], [-56.187843089405014, -34.76914607973059], [-56.18829223029075, -34.77581313461436], [-56.188101834806496, -34.779298522782064], [-56.18880674465198, -34.786452098398435], [-56.18676964949949, -34.792487550259544], [-56.188719941399924, -34.79279155934837], [-56.189380146062824, -34.79249024749685], [-56.19689208723652, -34.791513317928406], [-56.20234988487693, -34.78876950777076], [-56.20942026721991, -34.78478514895017], [-56.21250010912968, -34.78867690358502], [-56.212519267290766, -34.788911411051174], [-56.213334056247376, -34.78999412602146], [-56.229839685693555, -34.78137846217969], [-56.22949400854355, -34.780926614394204], [-56.22957462585695, -34.78063031518634], [-56.23096520943776, -34.77987103158596], [-56.23362822148757, -34.7787525093276], [-56.23173208796358, -34.776658507212204], [-56.22880171088261, -34.77441940144634], [-56.232916540160915, -34.772157511764654], [-56.23329319191873, -34.77078978851084], [-56.23352964696285, -34.76869431833161], [-56.23438906231982, -34.76736165736046], [-56.23431674413144, -34.766750138639544], [-56.234760045597206, -34.765317753618156], [-56.23706344065768, -34.76392998631328], [-56.238190065710036, -34.76380628675909], [-56.23886224762656, -34.76319279105196], [-56.239919535484624, -34.763032571869594], [-56.240606356986156, -34.76275731452702], [-56.24139918176134, -34.761644084731586], [-56.243407479333705, -34.760840495045], [-56.243702225432074, -34.760346362560036], [-56.24422218737332, -34.760212473372455], [-56.24237872172814, -34.752306938935924], [-56.24011839680173, -34.752821601715745], [-56.238255202840776, -34.754373928196486], [-56.23652631230814, -34.75470589469059], [-56.22386101360471, -34.75493900459604], [-56.22207957312365, -34.75463371474733], [-56.2187737446688, -34.75475810062236], [-56.21679404058459, -34.75340422331362], [-56.21694200860461, -34.75326860155668], [-56.216332958463525, -34.75215231940495], [-56.21470657819497, -34.75251312636416]], [[-56.23329845111176, -34.76894950969235], [-56.23322114092158, -34.76898965566619], [-56.2332926583048, -34.76895140205555], [-56.23333242361604, -34.76891271941341], [-56.23329845111176, -34.76894950969235]], [[-56.23296575217197, -34.76897181002434], [-56.233065248795455, -34.76900988921501], [-56.232872684756686, -34.76899864766691], [-56.23296575217197, -34.76897181002434]]]]}}, {"type": "Feature", "properties": {"OBJECTID_1": 292, "OBJECTID": 450, "AREA": 1276910.372185466, "PERIMETER": 5227.805673958773, "Codigo": 451, "Shape_Leng": 20868565.434812408, "Shape_Length": 12614.3519712988, "Shape_Area": 6324069.107263253, "color": "#e06cc7"}, "geometry": {"type": "MultiPolygon", "coordinates": [[[[-56.23510415745319, -34.73636105058695], [-56.22375710846924, -34.73643801703395], [-56.223823157022885, -34.74732847664358], [-56.218030451527, -34.74764169643027], [-56.214237555569724, -34.74811644919026], [-56.214725216305375, -34.74865218459235], [-56.214452275640554, -34.749281650341565], [-56.214784746414885, -34.74979328411609], [-56.21482712198908, -34.750149749151255], [-56.21621406067049, -34.75187201131075], [-56.21694200860461, -34.75326860155668], [-56.21678534203965, -34.753399296394484], [-56.2187737446688, -34.75475810062236], [-56.22207957312365, -34.75463371474733], [-56.22386101360471, -34.75493900459604], [-56.23652631230814, -34.75470589469059], [-56.238255202840776, -34.754373928196486], [-56.24011839680173, -34.752821601715745], [-56.24237872172814, -34.752306938935924], [-56.24422218737332, -34.760212473372455], [-56.24517968993142, -34.76053588100928], [-56.24562502537907, -34.7600020983474], [-56.24650073888466, -34.75937629401752], [-56.24838573751513, -34.75935638291414], [-56.249693388332076, -34.759066869325764], [-56.25011428754003, -34.75866367344312], [-56.24995645545956, -34.75814419347289], [-56.25054470618242, -34.75728213271228], [-56.251550416927984, -34.75699975757615], [-56.25254498173477, -34.7560590257623], [-56.25370875575303, -34.7557156107924], [-56.253990667159194, -34.75522024299629], [-56.25540089226335, -34.75444885746269], [-56.255839817243206, -34.754009681210306], [-56.25632209742807, -34.75391343459284], [-56.257317606705556, -34.754077317184496], [-56.25754613646236, -34.75397192686467], [-56.254076852906095, -34.748592955403296], [-56.25273373704047, -34.745523529262734], [-56.25175318944676, -34.74282427403167], [-56.24973302215734, -34.73533473906217], [-56.244319702543955, -34.73621335742144], [-56.23521183280651, -34.738190107622934], [-56.23515035147887, -34.736930788963136], [-56.23510415745319, -34.73636105058695]]]]}}, {"type": "Feature", "properties": {"OBJECTID_1": 296, "OBJECTID": null, "AREA": null, "PERIMETER": null, "Codigo": null, "Shape_Leng": null, "Shape_Length": 345.2269053454629, "Shape_Area": 1346.771677987951, "color": "#ec79cb"}, "geometry": {"type": "MultiPolygon", "coordinates": [[[[-56.26327252516652, -34.70109078259448], [-56.26247817681573, -34.70234726740064], [-56.262528550864936, -34.70249451978796], [-56.26327252516652, -34.70109078259448]]]]}}, {"type": "Feature", "properties": {"OBJECTID_1": 298, "OBJECTID": null, "AREA": null, "PERIMETER": null, "Codigo": 453, "Shape_Leng": null, "Shape_Length": 14912.039380981401, "Shape_Area": 11160211.329623453, "color": "#cb4da1"}, "geometry": {"type": "MultiPolygon", "coordinates": [[[[-56.23788841650452, -34.6952378321555], [-56.221961466049734, -34.68819048072427], [-56.21489725997635, -34.692004563377544], [-56.2148864849852, -34.70276380973256], [-56.215971062618095, -34.70911732909958], [-56.219816016433136, -34.71576790943444], [-56.22209100167709, -34.71800386062289], [-56.2237435931277, -34.71799093170197], [-56.22375635543343, -34.7178449726114], [-56.22371301726174, -34.736450263193056], [-56.235115668085314, -34.73636821607712], [-56.23521183280651, -34.738190107622934], [-56.241866900433806, -34.73671038853312], [-56.249750854908775, -34.73531462882852], [-56.24824634491427, -34.72926153149572], [-56.24435310190772, -34.716476301053596], [-56.23788841650452, -34.6952378321555]]]]}}, {"type": "Feature", "properties": {"OBJECTID_1": 299, "OBJECTID": null, "AREA": null, "PERIMETER": null, "Codigo": 454, "Shape_Leng": null, "Shape_Length": 34208.835553105535, "Shape_Area": 25015115.259144228, "color": "#db57a8"}, "geometry": {"type": "MultiPolygon", "coordinates": [[[[-56.240493737426284, -34.66468950873434], [-56.2406782034372, -34.66143789403036], [-56.23551526319079, -34.65357428281797], [-56.22245066499331, -34.64531666939536], [-56.21389257098563, -34.66112108796534], [-56.20946992186152, -34.663923225844364], [-56.21369763027785, -34.66827387783095], [-56.18560824312165, -34.687181749202566], [-56.2057148086191, -34.70786939522711], [-56.19862072053856, -34.7128878554448], [-56.19564875329112, -34.711976918189144], [-56.1930031081435, -34.71306726375391], [-56.190662834472334, -34.713822310312835], [-56.1874966161252, -34.715535016803095], [-56.184203232476214, -34.71699396879473], [-56.181731734341795, -34.718477671022406], [-56.181041446528035, -34.71953728004368], [-56.17956080186222, -34.72114795785881], [-56.17835594016126, -34.720321571642565], [-56.17793539213457, -34.72038294472055], [-56.17709232476056, -34.719658093179895], [-56.17514218454647, -34.71956281176573], [-56.16703491895213, -34.731069672320196], [-56.167085274411136, -34.73273941885206], [-56.166346697866764, -34.73386121546387], [-56.164977186943425, -34.74143845666147], [-56.17357224433684, -34.73792471274853], [-56.19080198997433, -34.72805087842311], [-56.191897251946884, -34.729353272790384], [-56.20697712800522, -34.7212170248462], [-56.20854075227489, -34.72053629120886], [-56.21400209789669, -34.71915336483943], [-56.21410115766984, -34.71942004622874], [-56.21607898473484, -34.71918212943091], [-56.216337344413816, -34.71942963836689], [-56.21622430343126, -34.72132642399287], [-56.218339829791674, -34.72141452577189], [-56.22019808867257, -34.72169683274738], [-56.2237657778002, -34.721685001226696], [-56.2237435931277, -34.71799093170197], [-56.22210884831987, -34.717997614488546], [-56.21991914747159, -34.71588127679288], [-56.215964146921316, -34.709102880826535], [-56.21606414724832, -34.709063094880314], [-56.21512814000741, -34.70455413461073], [-56.21498109288258, -34.70278783342548], [-56.21487610465746, -34.69199684960113], [-56.221960888156026, -34.688191104660675], [-56.23796071508246, -34.695238617924666], [-56.24070096599797, -34.683890470467695], [-56.240493737426284, -34.66468950873434]]]]}}, {"type": "Feature", "properties": {"OBJECTID_1": 300, "OBJECTID": null, "AREA": null, "PERIMETER": null, "Codigo": 471, "Shape_Leng": null, "Shape_Length": 13179.279461172942, "Shape_Area": 9886908.111992639, "color": "#e963ac"}, "geometry": {"type": "MultiPolygon", "coordinates": [[[[-55.90062547281812, -34.7809546425769], [-55.9005770808691, -34.781069273760856], [-55.900871799069115, -34.78100475738233], [-55.90062547281812, -34.7809546425769]]], [[[-55.8366971129877, -34.78436333235212], [-55.83752797363071, -34.78485757498913], [-55.84021501781183, -34.77510527896796], [-55.84539264867698, -34.75498551120818], [-55.83614147142675, -34.75529082280078], [-55.79726850760687, -34.75985629937361], [-55.79753728423098, -34.77188648704982], [-55.80383517564916, -34.77506105631354], [-55.8366971129877, -34.78436333235212]]]]}}, {"type": "Feature", "properties": {"OBJECTID_1": 301, "OBJECTID": null, "AREA": null, "PERIMETER": null, "Codigo": 481, "Shape_Leng": null, "Shape_Length": 17765.20362997275, "Shape_Area": 18318677.869332857, "color": "#dd88b3"}, "geometry": {"type": "MultiPolygon", "coordinates": [[[[-55.960060435561694, -34.6765088782113], [-55.93821615510743, -34.689630105374185], [-55.937559895171376, -34.68950179311059], [-55.941932515781694, -34.71271090521378], [-55.95030358241119, -34.714138093237175], [-55.953058956758454, -34.71348354535552], [-55.95384538974573, -34.713639613687555], [-55.95410353032438, -34.71304789340074], [-55.95417405961511, -34.712348856389326], [-55.95637912735206, -34.71372991351642], [-55.96439274849435, -34.715951351863964], [-55.96707587676274, -34.71724326612203], [-55.97000718404212, -34.717883027378356], [-55.97022822044182, -34.7183786866967], [-55.974239222713365, -34.71824780801641], [-55.993178854798515, -34.72143817162097], [-55.99715917539379, -34.713806030533135], [-55.98920874785947, -34.71174560615088], [-55.98970665869394, -34.698044386385], [-55.989364878482185, -34.6980032364062], [-55.98413581130277, -34.67955763332642], [-55.960060435561694, -34.6765088782113]]]]}}, {"type": "Feature", "properties": {"OBJECTID_1": 302, "OBJECTID": null, "AREA": null, "PERIMETER": null, "Codigo": 480, "Shape_Leng": null, "Shape_Length": 17484.65930854414, "Shape_Area": 13596861.159237808, "color": "#d74285"}, "geometry": {"type": "MultiPolygon", "coordinates": [[[[-55.98169359195117, -34.76105654382322], [-55.9826168285123, -34.76233056143075], [-55.983973740788755, -34.76565855621794], [-55.98635672151617, -34.77349377502877], [-55.98609807990026, -34.774900825376385], [-55.99901027374097, -34.784259471991376], [-56.00005932600083, -34.785370636351416], [-56.000513455671324, -34.78653595658466], [-56.00105437722069, -34.786760863359554], [-56.02690719974421, -34.78160506659425], [-56.02793813798162, -34.77775622259993], [-56.0269263846057, -34.781561252468755], [-56.02926415340551, -34.78136387902091], [-56.02919324425735, -34.7810612335898], [-56.02960165917633, -34.780541486108255], [-56.02906838463832, -34.77982486597746], [-56.02900952576456, -34.77925179709646], [-56.02942660367266, -34.77869154117056], [-56.0292258201875, -34.777580810303064], [-56.029304489096184, -34.777220744986934], [-56.02962517695786, -34.77713312860483], [-56.03009925769465, -34.77730372719223], [-56.03088164080856, -34.77710256009193], [-56.031165140648326, -34.77674863265429], [-56.03055447974665, -34.77628388771926], [-56.03060236555428, -34.77569363461489], [-56.031548610541606, -34.77485353795287], [-56.03294672956533, -34.774621184867804], [-56.03383694011991, -34.77290143546795], [-56.03372546805314, -34.771859049346965], [-56.0340098836093, -34.77072061428306], [-56.034267134543526, -34.77050623930732], [-56.03467372662119, -34.769431892785946], [-56.03532321512529, -34.76861195491421], [-56.03678245888996, -34.76804639939984], [-56.03697413604379, -34.76783149965715], [-56.03710012066051, -34.76686313228042], [-56.036985212240545, -34.76617239694502], [-56.0379466044121, -34.7660717895837], [-56.0382268978276, -34.765988339397836], [-56.03831933933142, -34.76579068810731], [-56.03812665785675, -34.7646800328729], [-56.0384807419254, -34.76412890694732], [-56.036392149330545, -34.763777760964665], [-56.035052971836414, -34.7669581042518], [-56.03636255876671, -34.763756568657286], [-56.0297021433941, -34.754479290138796], [-56.02090365972074, -34.749476070321954], [-56.01193271227134, -34.74505533327616], [-56.00720458685038, -34.756298396086535], [-56.003017732792436, -34.75983933988652], [-55.98169359195117, -34.76105654382322]]]]}}, {"type": "Feature", "properties": {"OBJECTID_1": 306, "OBJECTID": null, "AREA": null, "PERIMETER": null, "Codigo": 483, "Shape_Leng": null, "Shape_Length": 17376.36220144192, "Shape_Area": 16888625.48428691, "color": "#e64c87"}, "geometry": {"type": "MultiPolygon", "coordinates": [[[[-56.05494059845313, -34.65651974122954], [-56.057496826240275, -34.66558115558314], [-56.065339790705, -34.66346636759938], [-56.07711209800316, -34.65389758706024], [-56.07423063629314, -34.642141540935576], [-56.07676721166076, -34.60941559391732], [-56.04870813924767, -34.61202491161894], [-56.02965544813861, -34.622728379418156], [-56.04302882659078, -34.64149907117555], [-56.05494059845313, -34.65651974122954]]]]}}, {"type": "Feature", "properties": {"OBJECTID_1": 307, "OBJECTID": null, "AREA": null, "PERIMETER": null, "Codigo": 482, "Shape_Leng": null, "Shape_Length": 14006.706882962168, "Shape_Area": 8716362.72868624, "color": "#d77595"}, "geometry": {"type": "MultiPolygon", "coordinates": [[[[-55.99112320546799, -34.72109205319923], [-55.974239222713365, -34.71824780801641], [-55.97022822044182, -34.7183786866967], [-55.97000718404212, -34.717883027378356], [-55.96707587676274, -34.71724326612203], [-55.96439274849435, -34.715951351863964], [-55.95637912735206, -34.71372991351642], [-55.95417405961511, -34.712348856389326], [-55.95410353032438, -34.71304789340074], [-55.95384538974573, -34.713639613687555], [-55.953058956758454, -34.71348354535552], [-55.95030358241119, -34.714138093237175], [-55.941932515781694, -34.71271090521378], [-55.94700133695335, -34.72093197950774], [-55.939135938969514, -34.7306778637267], [-55.946288100096965, -34.736365411487206], [-55.95656118371921, -34.733911863792386], [-55.96033273053938, -34.73815359636245], [-55.966236735888685, -34.74134869653584], [-55.969055000828035, -34.74113048617196], [-55.97004556360877, -34.73956252496954], [-55.9747429306565, -34.73535555237803], [-55.97609617101183, -34.73342072932431], [-55.981936712184016, -34.729574813665046], [-55.982376750712824, -34.7299394873747], [-55.99092151316011, -34.72576585178557], [-55.993178854798515, -34.72143817162097], [-55.99112320546799, -34.72109205319923]]]]}}, {"type": "Feature", "properties": {"OBJECTID_1": 308, "OBJECTID": null, "AREA": null, "PERIMETER": null, "Codigo": 484, "Shape_Leng": null, "Shape_Length": 11891.227659229506, "Shape_Area": 9657032.995316485, "color": "#e4819d"}, "geometry": {"type": "MultiPolygon", "coordinates": [[[[-55.98169359195117, -34.76105654382322], [-56.003017732792436, -34.75983933988652], [-56.00720458685038, -34.756298396086535], [-56.01193271227134, -34.74505533327616], [-56.00936743539447, -34.74379099916603], [-56.00203039348825, -34.739010480551705], [-55.982388441413754, -34.73008451262778], [-55.981920479758394, -34.72973244265789], [-55.97607992547173, -34.73357835812529], [-55.97472668207746, -34.7355131808973], [-55.97002930509309, -34.739720152582784], [-55.96903874004962, -34.74128811357426], [-55.96860086518454, -34.74705177267986], [-55.96625487878066, -34.75217898057488], [-55.981606147002395, -34.76093587250515], [-55.98169359195117, -34.76105654382322]], [[-55.974488135686975, -34.73596919398646], [-55.97477022706814, -34.735693831712126], [-55.97450285010243, -34.73595602995443], [-55.974488135686975, -34.73596919398646]]]]}}, {"type": "Feature", "properties": {"OBJECTID_1": 309, "OBJECTID": null, "AREA": null, "PERIMETER": null, "Codigo": 485, "Shape_Leng": null, "Shape_Length": 24549.18038018672, "Shape_Area": 39574065.62523914, "color": "#e2365b"}, "geometry": {"type": "MultiPolygon", "coordinates": [[[[-55.86338198393634, -34.67601826338932], [-55.856288966760516, -34.73076988495002], [-55.87472836825271, -34.73492503769257], [-55.94190161184601, -34.712546916485294], [-55.937559895171376, -34.68950179311059], [-55.93775643894583, -34.68954022148524], [-55.90954223954706, -34.67243373785188], [-55.86338198393634, -34.67601826338932]]]]}}, {"type": "Feature", "properties": {"OBJECTID_1": 310, "OBJECTID": null, "AREA": null, "PERIMETER": null, "Codigo": 487, "Shape_Leng": null, "Shape_Length": 23565.961522036756, "Shape_Area": 29931591.472217236, "color": "#d16174"}, "geometry": {"type": "MultiPolygon", "coordinates": [[[[-56.0320845797377, -34.71103188758184], [-56.052694380090614, -34.727732762708555], [-56.082420747748024, -34.74399661396308], [-56.10120043766486, -34.7523159001833], [-56.101363874108316, -34.75189090894987], [-56.1026953432712, -34.75088626766397], [-56.102823849817845, -34.75055807862576], [-56.10342180903957, -34.75051288682967], [-56.10405302076899, -34.75004411785169], [-56.104595279428445, -34.749908336186415], [-56.10595677586859, -34.750292562723644], [-56.106159733482265, -34.750974868187406], [-56.10663320825825, -34.75139314417813], [-56.10909368057437, -34.751244347804395], [-56.10952723294779, -34.75112127497947], [-56.11042281771134, -34.7503838828705], [-56.11070835411543, -34.7503093202678], [-56.11148154497015, -34.75035103396692], [-56.11192748422952, -34.75072851024697], [-56.112285505609194, -34.750771699131754], [-56.11274419396442, -34.75046844941036], [-56.112976618008105, -34.74999672751226], [-56.11353436333059, -34.74943269067698], [-56.1154755298238, -34.74835118750668], [-56.116681907612666, -34.74836445269287], [-56.11768398344387, -34.74884062390244], [-56.11873919088709, -34.74862282871202], [-56.11938737885398, -34.74866809617355], [-56.11963510675518, -34.74835878566889], [-56.119688409360656, -34.747646793229286], [-56.12019133808937, -34.746901980094606], [-56.12009291799051, -34.74594542008389], [-56.12040225147568, -34.74574927094955], [-56.12069867174246, -34.745160768927285], [-56.120624157652415, -34.74471837607423], [-56.11997631000655, -34.74406444028706], [-56.11993373693324, -34.743829679043294], [-56.119979012936724, -34.74277947362518], [-56.1202756640738, -34.74216843033791], [-56.12001497631807, -34.74151278192513], [-56.12030587417537, -34.74092874918472], [-56.1208715148432, -34.74018889375141], [-56.12142219890418, -34.739764538511324], [-56.12218407828264, -34.738155907665394], [-56.12274823487975, -34.738069797881465], [-56.12359006551994, -34.73864846700508], [-56.12407379680897, -34.738678999290514], [-56.124482822416404, -34.73815441898427], [-56.12536744692431, -34.73791279476785], [-56.12560486207753, -34.73754027487624], [-56.1262954103277, -34.73731528527053], [-56.12647181771038, -34.73677099417361], [-56.126861921385675, -34.73648523258428], [-56.126799007977155, -34.73545679070633], [-56.12700783317429, -34.73507504539166], [-56.12676460583181, -34.73437895698877], [-56.12680380494914, -34.73337829922399], [-56.12613693551087, -34.732913625786885], [-56.126110967124426, -34.732137937229425], [-56.125475601191155, -34.731470593156686], [-56.125202539368814, -34.73088700557916], [-56.1247180976626, -34.73041010824475], [-56.12426753892645, -34.73033133312551], [-56.12406701356121, -34.73013490382466], [-56.12347236136419, -34.728782514334064], [-56.12303472291153, -34.72820675491085], [-56.12301710226272, -34.7277422282454], [-56.12272087749449, -34.72722159053093], [-56.12307145288493, -34.72634491116775], [-56.1237569746808, -34.725876426854505], [-56.123829670238045, -34.72532688371521], [-56.12433758754771, -34.72493376694365], [-56.12390315651865, -34.72334356710359], [-56.1239975024183, -34.7230060901022], [-56.12454160967993, -34.722545601345864], [-56.124560916075275, -34.72200919994146], [-56.12438573037225, -34.72140376956155], [-56.12417546248837, -34.721406766769974], [-56.12388167002559, -34.72007457543866], [-56.1244538195309, -34.71954214849801], [-56.12439944044467, -34.71874371015994], [-56.125061341954876, -34.71833393541397], [-56.07832729046393, -34.69858877976102], [-56.078075436004475, -34.69876188391297], [-56.03621798904476, -34.7071162708932], [-56.0320845797377, -34.71103188758184]]]]}}, {"type": "Feature", "properties": {"OBJECTID_1": 311, "OBJECTID": null, "AREA": null, "PERIMETER": null, "Codigo": 75, "Shape_Leng": null, "Shape_Length": 17917.211192477014, "Shape_Area": 12280473.884202635, "color": "#e06c79"}, "geometry": {"type": "MultiPolygon", "coordinates": [[[[-56.29308662838404, -34.85013160939281], [-56.28150875749562, -34.83195421506878], [-56.27167036960062, -34.818627551469255], [-56.267859307504004, -34.8088571450068], [-56.267687778466424, -34.80878740426537], [-56.2687619783056, -34.80573031479955], [-56.26559012144755, -34.80012989502317], [-56.26480274495785, -34.800467587781334], [-56.26437102874815, -34.8013387543873], [-56.263994158279914, -34.801536476109696], [-56.25972668965728, -34.812455263444676], [-56.258824561464486, -34.8150048194557], [-56.25888159873505, -34.81533279433941], [-56.25916209228027, -34.81561076473193], [-56.25877347164294, -34.81563577491389], [-56.25849980608662, -34.81583988028477], [-56.25756114851704, -34.81789952171468], [-56.25644123860532, -34.8194703055646], [-56.25264048357807, -34.823157695244504], [-56.252444190437025, -34.8229718780349], [-56.25261659937732, -34.82314863659348], [-56.25178830191488, -34.82413655886908], [-56.2510994726413, -34.825875933944864], [-56.25109270103525, -34.82727816203601], [-56.25141400686484, -34.82850924197964], [-56.25012914644549, -34.82658733586889], [-56.250287345811984, -34.827967733842286], [-56.250723845510315, -34.8289631388618], [-56.25238801434343, -34.83106777702455], [-56.253077746591835, -34.8323325747876], [-56.252909147942965, -34.832598420903544], [-56.253406598850866, -34.83367454807678], [-56.25379075861096, -34.83533635390199], [-56.25378523230585, -34.84102606587243], [-56.25344527563356, -34.842791391906346], [-56.25344032442894, -34.84417143317515], [-56.25267089610996, -34.84478166345357], [-56.25362965855906, -34.85007689455581], [-56.254789016194366, -34.85452689028923], [-56.254893017300276, -34.85452553197947], [-56.25495359903423, -34.85683601587971], [-56.25626550208996, -34.856964732186384], [-56.256459579501254, -34.857431239642565], [-56.25794419163337, -34.85645420744054], [-56.265525708121686, -34.8533077335407], [-56.2676180525398, -34.85273907378105], [-56.27052679047455, -34.85256300589284], [-56.279127184354486, -34.85360715778228], [-56.282463946877854, -34.853604638205], [-56.28535036071863, -34.853213132310174], [-56.28758246787665, -34.85270951041648], [-56.28959525073016, -34.852042367385], [-56.28955207987543, -34.851023441630716], [-56.290664538996495, -34.85119625772333], [-56.291914200258624, -34.8507182627187], [-56.29308662838404, -34.85013160939281]], [[-56.26319783239185, -34.82989333257858], [-56.26535344011777, -34.83132852300982], [-56.265122251651015, -34.83117520545157], [-56.26319783239185, -34.82989333257858]]]]}}, {"type": "Feature", "properties": {"OBJECTID_1": 312, "OBJECTID": null, "AREA": null, "PERIMETER": null, "Codigo": 486, "Shape_Leng": null, "Shape_Length": 32054.542190831566, "Shape_Area": 28880458.104774967, "color": "#ec797f"}, "geometry": {"type": "MultiPolygon", "coordinates": [[[[-56.08272199220912, -34.77675635039846], [-56.083700430857924, -34.758297234009845], [-56.08274376409345, -34.77672545233038], [-56.082465452653686, -34.778195492972735], [-56.082869567460754, -34.778381203044646], [-56.08371655225864, -34.77824423957297], [-56.08407819800848, -34.778008057831556], [-56.085131943716114, -34.778025538452056], [-56.0869744484523, -34.778985429013915], [-56.08840294150993, -34.77922991569131], [-56.08913961349565, -34.779919870993034], [-56.08925166050247, -34.78025078017336], [-56.09058353173908, -34.779949638596634], [-56.09225403446208, -34.77916407002715], [-56.09270024767634, -34.77864889778653], [-56.09335810193957, -34.77676916803819], [-56.094127983854676, -34.77576044462696], [-56.094795933740606, -34.77576541327423], [-56.09516823600969, -34.77644899316376], [-56.09568986895766, -34.7766557603048], [-56.09672485363173, -34.77638841438563], [-56.09738951876523, -34.77600559712658], [-56.097589110076306, -34.77505123445625], [-56.0974773553633, -34.774211789421315], [-56.097953902816954, -34.77366526107323], [-56.09770664326741, -34.77335232893373], [-56.097698685221225, -34.77270301824054], [-56.09895184299646, -34.77190073507411], [-56.09904487963152, -34.77169853241371], [-56.099024841594435, -34.77146844072162], [-56.09848373523028, -34.77098200465767], [-56.09844199907253, -34.77061198264972], [-56.098911055799604, -34.7700608858538], [-56.09962819346817, -34.769746074292144], [-56.09983899486134, -34.769202080911285], [-56.098860748259455, -34.768405822174095], [-56.097151053920776, -34.76792425098285], [-56.097075844924504, -34.76642680602214], [-56.0967455419298, -34.766090712382145], [-56.09615562839195, -34.76595107350065], [-56.09574972669879, -34.76559638113978], [-56.09554246762885, -34.76506281537741], [-56.095519748347265, -34.76439085067467], [-56.094875360122096, -34.764300396640266], [-56.09450527241919, -34.76348157051479], [-56.09469973826761, -34.76305919899631], [-56.09576176029775, -34.76236373395614], [-56.09570398435377, -34.76208827419682], [-56.09436492274586, -34.76176271250906], [-56.09368635657669, -34.761302284773635], [-56.09312834440436, -34.759810259037295], [-56.09321670689025, -34.75953588642792], [-56.094049607143404, -34.75880716821677], [-56.09405600935687, -34.758221084678304], [-56.09426996465632, -34.75788903245214], [-56.095177905968455, -34.7571022511489], [-56.09597672473423, -34.75692783640349], [-56.097638121745476, -34.75699426439361], [-56.09971682105162, -34.75579680965505], [-56.09990674700934, -34.75559983067707], [-56.09972606956765, -34.75494473258321], [-56.09995321563452, -34.754463980142454], [-56.0996386724395, -34.7535599133822], [-56.09988619456895, -34.75327769473206], [-56.10102515048032, -34.75271350253485], [-56.10120043766486, -34.7523159001833], [-56.082420747748024, -34.74399661396308], [-56.052694380090614, -34.727732762708555], [-56.0320845797377, -34.71103188758184], [-56.02537900624102, -34.71738303458335], [-56.02016699860308, -34.7255741124869], [-56.019256016622094, -34.72928947455837], [-56.01211559220056, -34.745145464669136], [-56.02090365972074, -34.749476070321954], [-56.0297021433941, -34.754479290138796], [-56.036116494760776, -34.763413869006406], [-56.03687976616485, -34.76177826192378], [-56.03628156379782, -34.763071467035694], [-56.03830171367045, -34.76424551826584], [-56.038784121847215, -34.76375196803857], [-56.04046341278276, -34.763341398958396], [-56.04216289020534, -34.76325108124635], [-56.04494603205547, -34.76251999572933], [-56.04555947428773, -34.761970238867036], [-56.04572818659681, -34.76083988325082], [-56.046053574211314, -34.760396073916155], [-56.04696401580569, -34.76044378177246], [-56.04862985766766, -34.76119623289872], [-56.04998173961442, -34.76068378180093], [-56.051109012393034, -34.76046262951872], [-56.05143198019066, -34.76088445337429], [-56.05212768301491, -34.76107923598449], [-56.05314640143533, -34.760257565065274], [-56.05377973982773, -34.76017231496377], [-56.054573668835204, -34.760376864288006], [-56.05478558471983, -34.76047770060691], [-56.0549942280914, -34.76092567968951], [-56.05485452585098, -34.761618932310014], [-56.0551015236486, -34.762297151623834], [-56.055368648058646, -34.762587779994476], [-56.056495920425824, -34.763087967018286], [-56.056214766078874, -34.76396948936693], [-56.05646229464248, -34.76460262313039], [-56.056370205305434, -34.764773239266184], [-56.05725059396186, -34.7659072295296], [-56.05772630924398, -34.76611380283762], [-56.05802555049848, -34.76676536829561], [-56.05819134015543, -34.76678017695487], [-56.05859341548877, -34.767518201361625], [-56.0585521734617, -34.76856389587562], [-56.05920234765564, -34.76940753605835], [-56.05970280816832, -34.76954215410907], [-56.06142962517588, -34.76933906254868], [-56.06243943570432, -34.76900418376062], [-56.06387159624937, -34.768099942356436], [-56.06480995334657, -34.76780056363868], [-56.064950674663386, -34.76749505414707], [-56.06464334061887, -34.767131998793154], [-56.06478007296704, -34.76669570702824], [-56.06557967192565, -34.76610219178857], [-56.06642722221949, -34.7659193290706], [-56.06771544335948, -34.767421574657845], [-56.06754784550326, -34.76774942500558], [-56.06764081563553, -34.767984588533366], [-56.0683559905644, -34.76827861912765], [-56.06930154054461, -34.76837151616493], [-56.0694872396355, -34.7688643820844], [-56.06897408758481, -34.76943306157249], [-56.069749098050174, -34.77042187868467], [-56.069768295661916, -34.77071959837522], [-56.07007854848863, -34.770947402722356], [-56.07005833952628, -34.77122678661184], [-56.069840306744226, -34.77142350290543], [-56.06990683006073, -34.77206875254705], [-56.07059485955144, -34.772655627007026], [-56.071914891941184, -34.7726747149204], [-56.073390684116866, -34.772018671859634], [-56.07543700957637, -34.77176821775628], [-56.07586612268514, -34.77211864456408], [-56.075892500066054, -34.77275456912763], [-56.07617824165961, -34.77297766330406], [-56.076157367503, -34.773563633651925], [-56.07637055768061, -34.773984558798084], [-56.077122607411845, -34.774716160228735], [-56.08019294551419, -34.7760559332087], [-56.081812315778144, -34.776496483154936], [-56.08199217432694, -34.77672327377881], [-56.082668141509735, -34.77668328267299], [-56.08272199220912, -34.77675635039846]]]]}}]}